[debug] [2025-10-22T19:29:21.224Z] ----------------------------------------------------------------------
[debug] [2025-10-22T19:29:21.225Z] Command:       /Users/davidanderson/.nvm/versions/node/v20.19.2/bin/node /Users/davidanderson/.nvm/versions/node/v20.19.2/bin/firebase deploy --only functions,hosting
[debug] [2025-10-22T19:29:21.225Z] CLI Version:   14.20.0
[debug] [2025-10-22T19:29:21.226Z] Platform:      darwin
[debug] [2025-10-22T19:29:21.226Z] Node Version:  v20.19.2
[debug] [2025-10-22T19:29:21.226Z] Time:          Wed Oct 22 2025 15:29:21 GMT-0400 (Eastern Daylight Time)
[debug] [2025-10-22T19:29:21.226Z] ----------------------------------------------------------------------
[debug] 
[debug] [2025-10-22T19:29:21.319Z] > command requires scopes: ["email","openid","https://www.googleapis.com/auth/cloudplatformprojects.readonly","https://www.googleapis.com/auth/firebase","https://www.googleapis.com/auth/cloud-platform"]
[debug] [2025-10-22T19:29:21.319Z] > authorizing via signed-in user (dvdndrsn@gmail.com)
[debug] [2025-10-22T19:29:21.319Z] [iam] checking project geogeo-8008a for permissions ["cloudfunctions.functions.create","cloudfunctions.functions.delete","cloudfunctions.functions.get","cloudfunctions.functions.list","cloudfunctions.functions.update","cloudfunctions.operations.get","firebase.projects.get","firebasehosting.sites.update"]
[debug] [2025-10-22T19:29:21.320Z] Checked if tokens are valid: true, expires at: 1761163607437
[debug] [2025-10-22T19:29:21.320Z] Checked if tokens are valid: true, expires at: 1761163607437
[debug] [2025-10-22T19:29:21.320Z] >>> [apiv2][query] POST https://cloudresourcemanager.googleapis.com/v1/projects/geogeo-8008a:testIamPermissions [none]
[debug] [2025-10-22T19:29:21.320Z] >>> [apiv2][(partial)header] POST https://cloudresourcemanager.googleapis.com/v1/projects/geogeo-8008a:testIamPermissions x-goog-quota-user=projects/geogeo-8008a
[debug] [2025-10-22T19:29:21.320Z] >>> [apiv2][body] POST https://cloudresourcemanager.googleapis.com/v1/projects/geogeo-8008a:testIamPermissions {"permissions":["cloudfunctions.functions.create","cloudfunctions.functions.delete","cloudfunctions.functions.get","cloudfunctions.functions.list","cloudfunctions.functions.update","cloudfunctions.operations.get","firebase.projects.get","firebasehosting.sites.update"]}
[debug] [2025-10-22T19:29:21.496Z] <<< [apiv2][status] POST https://cloudresourcemanager.googleapis.com/v1/projects/geogeo-8008a:testIamPermissions 200
[debug] [2025-10-22T19:29:21.496Z] <<< [apiv2][body] POST https://cloudresourcemanager.googleapis.com/v1/projects/geogeo-8008a:testIamPermissions {"permissions":["cloudfunctions.functions.create","cloudfunctions.functions.delete","cloudfunctions.functions.get","cloudfunctions.functions.list","cloudfunctions.functions.update","cloudfunctions.operations.get","firebase.projects.get","firebasehosting.sites.update"]}
[debug] [2025-10-22T19:29:21.496Z] Checked if tokens are valid: true, expires at: 1761163607437
[debug] [2025-10-22T19:29:21.497Z] Checked if tokens are valid: true, expires at: 1761163607437
[debug] [2025-10-22T19:29:21.497Z] >>> [apiv2][query] POST https://iam.googleapis.com/v1/projects/geogeo-8008a/serviceAccounts/geogeo-8008a@appspot.gserviceaccount.com:testIamPermissions [none]
[debug] [2025-10-22T19:29:21.497Z] >>> [apiv2][body] POST https://iam.googleapis.com/v1/projects/geogeo-8008a/serviceAccounts/geogeo-8008a@appspot.gserviceaccount.com:testIamPermissions {"permissions":["iam.serviceAccounts.actAs"]}
[debug] [2025-10-22T19:29:21.636Z] <<< [apiv2][status] POST https://iam.googleapis.com/v1/projects/geogeo-8008a/serviceAccounts/geogeo-8008a@appspot.gserviceaccount.com:testIamPermissions 200
[debug] [2025-10-22T19:29:21.636Z] <<< [apiv2][body] POST https://iam.googleapis.com/v1/projects/geogeo-8008a/serviceAccounts/geogeo-8008a@appspot.gserviceaccount.com:testIamPermissions {"permissions":["iam.serviceAccounts.actAs"]}
[debug] [2025-10-22T19:29:21.637Z] Checked if tokens are valid: true, expires at: 1761163607437
[debug] [2025-10-22T19:29:21.637Z] Checked if tokens are valid: true, expires at: 1761163607437
[debug] [2025-10-22T19:29:21.638Z] >>> [apiv2][query] GET https://firebase.googleapis.com/v1beta1/projects/geogeo-8008a [none]
[debug] [2025-10-22T19:29:22.011Z] <<< [apiv2][status] GET https://firebase.googleapis.com/v1beta1/projects/geogeo-8008a 200
[debug] [2025-10-22T19:29:22.011Z] <<< [apiv2][body] GET https://firebase.googleapis.com/v1beta1/projects/geogeo-8008a {"projectId":"geogeo-8008a","projectNumber":"236419171941","displayName":"geogeo","name":"projects/geogeo-8008a","resources":{"hostingSite":"geogeo-8008a"},"state":"ACTIVE","etag":"1_c53ce5cd-0ef3-46b0-97cd-1fc1d6e48241"}
[info] 
[info] === Deploying to 'geogeo-8008a'...
[info] 
[info] i  deploying functions, hosting 
[debug] [2025-10-22T19:29:22.017Z] Checked if tokens are valid: true, expires at: 1761163607437
[debug] [2025-10-22T19:29:22.018Z] Checked if tokens are valid: true, expires at: 1761163607437
[debug] [2025-10-22T19:29:22.018Z] >>> [apiv2][query] GET https://cloudresourcemanager.googleapis.com/v1/projects/geogeo-8008a [none]
[debug] [2025-10-22T19:29:22.122Z] <<< [apiv2][status] GET https://cloudresourcemanager.googleapis.com/v1/projects/geogeo-8008a 200
[debug] [2025-10-22T19:29:22.123Z] <<< [apiv2][body] GET https://cloudresourcemanager.googleapis.com/v1/projects/geogeo-8008a {"projectNumber":"236419171941","projectId":"geogeo-8008a","lifecycleState":"ACTIVE","name":"geogeo","labels":{"firebase":"enabled","firebase-core":"disabled"},"createTime":"2025-09-14T21:24:38.258915Z"}
[info] i  functions: preparing codebase default for deployment 
[info] i  functions: ensuring required API cloudfunctions.googleapis.com is enabled... 
[info] i  functions: ensuring required API cloudbuild.googleapis.com is enabled... 
[info] i  artifactregistry: ensuring required API artifactregistry.googleapis.com is enabled... 
[debug] [2025-10-22T19:29:22.126Z] Checked if tokens are valid: true, expires at: 1761163607437
[debug] [2025-10-22T19:29:22.126Z] Checked if tokens are valid: true, expires at: 1761163607437
[debug] [2025-10-22T19:29:22.126Z] >>> [apiv2][query] GET https://firebase.googleapis.com/v1beta1/projects/geogeo-8008a/adminSdkConfig [none]
[debug] [2025-10-22T19:29:22.424Z] <<< [apiv2][status] GET https://firebase.googleapis.com/v1beta1/projects/geogeo-8008a/adminSdkConfig 200
[debug] [2025-10-22T19:29:22.424Z] <<< [apiv2][body] GET https://firebase.googleapis.com/v1beta1/projects/geogeo-8008a/adminSdkConfig {"projectId":"geogeo-8008a","storageBucket":"geogeo-8008a.firebasestorage.app"}
[debug] [2025-10-22T19:29:22.425Z] Checked if tokens are valid: true, expires at: 1761163607437
[debug] [2025-10-22T19:29:22.425Z] Checked if tokens are valid: true, expires at: 1761163607437
[debug] [2025-10-22T19:29:22.425Z] >>> [apiv2][query] GET https://runtimeconfig.googleapis.com/v1beta1/projects/geogeo-8008a/configs [none]
[debug] [2025-10-22T19:29:22.609Z] <<< [apiv2][status] GET https://runtimeconfig.googleapis.com/v1beta1/projects/geogeo-8008a/configs 200
[debug] [2025-10-22T19:29:22.609Z] <<< [apiv2][body] GET https://runtimeconfig.googleapis.com/v1beta1/projects/geogeo-8008a/configs {"configs":[{"name":"projects/geogeo-8008a/configs/app"},{"name":"projects/geogeo-8008a/configs/backend"}]}
[debug] [2025-10-22T19:29:22.609Z] Checked if tokens are valid: true, expires at: 1761163607437
[debug] [2025-10-22T19:29:22.609Z] Checked if tokens are valid: true, expires at: 1761163607437
[debug] [2025-10-22T19:29:22.610Z] Checked if tokens are valid: true, expires at: 1761163607437
[debug] [2025-10-22T19:29:22.610Z] Checked if tokens are valid: true, expires at: 1761163607437
[debug] [2025-10-22T19:29:22.610Z] >>> [apiv2][query] GET https://runtimeconfig.googleapis.com/v1beta1/projects/geogeo-8008a/configs/app/variables [none]
[debug] [2025-10-22T19:29:22.610Z] >>> [apiv2][query] GET https://runtimeconfig.googleapis.com/v1beta1/projects/geogeo-8008a/configs/backend/variables [none]
[debug] [2025-10-22T19:29:22.724Z] <<< [apiv2][status] GET https://runtimeconfig.googleapis.com/v1beta1/projects/geogeo-8008a/configs/app/variables 200
[debug] [2025-10-22T19:29:22.724Z] <<< [apiv2][body] GET https://runtimeconfig.googleapis.com/v1beta1/projects/geogeo-8008a/configs/app/variables {"variables":[{"name":"projects/geogeo-8008a/configs/app/variables/allowed_origins","updateTime":"2025-10-05T16:42:46.033210828Z"}]}
[debug] [2025-10-22T19:29:22.725Z] Checked if tokens are valid: true, expires at: 1761163607437
[debug] [2025-10-22T19:29:22.725Z] Checked if tokens are valid: true, expires at: 1761163607437
[debug] [2025-10-22T19:29:22.725Z] >>> [apiv2][query] GET https://runtimeconfig.googleapis.com/v1beta1/projects/geogeo-8008a/configs/app/variables/allowed_origins [none]
[debug] [2025-10-22T19:29:22.752Z] <<< [apiv2][status] GET https://runtimeconfig.googleapis.com/v1beta1/projects/geogeo-8008a/configs/backend/variables 200
[debug] [2025-10-22T19:29:22.752Z] <<< [apiv2][body] GET https://runtimeconfig.googleapis.com/v1beta1/projects/geogeo-8008a/configs/backend/variables {"variables":[{"name":"projects/geogeo-8008a/configs/backend/variables/allowed_origins","updateTime":"2025-10-22T15:56:34.093987444Z"}]}
[debug] [2025-10-22T19:29:22.752Z] Checked if tokens are valid: true, expires at: 1761163607437
[debug] [2025-10-22T19:29:22.753Z] Checked if tokens are valid: true, expires at: 1761163607437
[debug] [2025-10-22T19:29:22.753Z] >>> [apiv2][query] GET https://runtimeconfig.googleapis.com/v1beta1/projects/geogeo-8008a/configs/backend/variables/allowed_origins [none]
[debug] [2025-10-22T19:29:22.835Z] <<< [apiv2][status] GET https://runtimeconfig.googleapis.com/v1beta1/projects/geogeo-8008a/configs/app/variables/allowed_origins 200
[debug] [2025-10-22T19:29:22.835Z] <<< [apiv2][body] GET https://runtimeconfig.googleapis.com/v1beta1/projects/geogeo-8008a/configs/app/variables/allowed_origins {"name":"projects/geogeo-8008a/configs/app/variables/allowed_origins","updateTime":"2025-10-05T16:42:46.033210828Z","text":"http://localhost:3002,https://your-prod-domain"}
[debug] [2025-10-22T19:29:22.842Z] <<< [apiv2][status] GET https://runtimeconfig.googleapis.com/v1beta1/projects/geogeo-8008a/configs/backend/variables/allowed_origins 200
[debug] [2025-10-22T19:29:22.842Z] <<< [apiv2][body] GET https://runtimeconfig.googleapis.com/v1beta1/projects/geogeo-8008a/configs/backend/variables/allowed_origins {"name":"projects/geogeo-8008a/configs/backend/variables/allowed_origins","updateTime":"2025-10-22T15:56:34.093987444Z","text":"http://localhost:3005,https://your-production-domain"}
[debug] [2025-10-22T19:29:22.845Z] Validating nodejs source
[warn] ⚠  functions: package.json indicates an outdated version of firebase-functions. Please upgrade using npm install --save firebase-functions@latest in your functions directory. 
[debug] [2025-10-22T19:29:23.255Z] > [functions] package.json contents: {
  "name": "geographical-games-functions",
  "version": "1.0.0",
  "description": "Firebase Functions wrapper for the geographical games backend",
  "main": "index.js",
  "engines": {
    "node": "20"
  },
  "scripts": {
    "deploy": "firebase deploy --only functions",
    "serve": "firebase emulators:start --only functions"
  },
  "dependencies": {
    "firebase-admin": "^13.4.0",
    "firebase-functions": "^6.4.0",
    "geographical-games-backend": "file:backend"
  }
}
[debug] [2025-10-22T19:29:23.255Z] Building nodejs source
[info] i  functions: Loading and analyzing source code for codebase default to determine what to deploy 
[debug] [2025-10-22T19:29:23.256Z] Could not find functions.yaml. Must use http discovery
[debug] [2025-10-22T19:29:23.261Z] Found firebase-functions binary at '/Users/davidanderson/geographical.games/functions/node_modules/.bin/firebase-functions'
[info] Serving at port 8798

[error] Firebase service account not found; auth verification disabled

[debug] [2025-10-22T19:29:23.651Z] Got response from /__/functions.yaml {"endpoints":{"app":{"availableMemoryMb":null,"timeoutSeconds":null,"minInstances":null,"maxInstances":null,"ingressSettings":null,"concurrency":null,"serviceAccountEmail":null,"vpc":null,"platform":"gcfv2","region":["us-central1"],"secretEnvironmentVariables":[{"key":"SERVICE_ACCOUNT_JSON"}],"labels":{},"httpsTrigger":{},"entryPoint":"app"}},"specVersion":"v1alpha1","requiredAPIs":[],"extensions":{},"params":[{"type":"secret","name":"SERVICE_ACCOUNT_JSON"}]}
[info] i  extensions: ensuring required API firebaseextensions.googleapis.com is enabled... 
[debug] [2025-10-22T19:29:27.668Z] > command requires scopes: ["email","openid","https://www.googleapis.com/auth/cloudplatformprojects.readonly","https://www.googleapis.com/auth/firebase","https://www.googleapis.com/auth/cloud-platform"]
[debug] [2025-10-22T19:29:27.668Z] > authorizing via signed-in user (dvdndrsn@gmail.com)
[debug] [2025-10-22T19:29:27.668Z] [iam] checking project geogeo-8008a for permissions ["firebase.projects.get","firebaseextensions.instances.list"]
[debug] [2025-10-22T19:29:27.668Z] Checked if tokens are valid: true, expires at: 1761163607437
[debug] [2025-10-22T19:29:27.669Z] Checked if tokens are valid: true, expires at: 1761163607437
[debug] [2025-10-22T19:29:27.669Z] >>> [apiv2][query] POST https://cloudresourcemanager.googleapis.com/v1/projects/geogeo-8008a:testIamPermissions [none]
[debug] [2025-10-22T19:29:27.669Z] >>> [apiv2][(partial)header] POST https://cloudresourcemanager.googleapis.com/v1/projects/geogeo-8008a:testIamPermissions x-goog-quota-user=projects/geogeo-8008a
[debug] [2025-10-22T19:29:27.669Z] >>> [apiv2][body] POST https://cloudresourcemanager.googleapis.com/v1/projects/geogeo-8008a:testIamPermissions {"permissions":["firebase.projects.get","firebaseextensions.instances.list"]}
[debug] [2025-10-22T19:29:27.763Z] <<< [apiv2][status] POST https://cloudresourcemanager.googleapis.com/v1/projects/geogeo-8008a:testIamPermissions 200
[debug] [2025-10-22T19:29:27.763Z] <<< [apiv2][body] POST https://cloudresourcemanager.googleapis.com/v1/projects/geogeo-8008a:testIamPermissions {"permissions":["firebase.projects.get","firebaseextensions.instances.list"]}
[debug] [2025-10-22T19:29:27.763Z] Checked if tokens are valid: true, expires at: 1761163607437
[debug] [2025-10-22T19:29:27.764Z] Checked if tokens are valid: true, expires at: 1761163607437
[debug] [2025-10-22T19:29:27.764Z] >>> [apiv2][query] GET https://firebaseextensions.googleapis.com/v1beta/projects/geogeo-8008a/instances pageSize=100&pageToken=
[debug] [2025-10-22T19:29:28.062Z] <<< [apiv2][status] GET https://firebaseextensions.googleapis.com/v1beta/projects/geogeo-8008a/instances 200
[debug] [2025-10-22T19:29:28.062Z] <<< [apiv2][body] GET https://firebaseextensions.googleapis.com/v1beta/projects/geogeo-8008a/instances {}
[debug] [2025-10-22T19:29:28.064Z] Checked if tokens are valid: true, expires at: 1761163607437
[debug] [2025-10-22T19:29:28.064Z] Checked if tokens are valid: true, expires at: 1761163607437
[debug] [2025-10-22T19:29:28.065Z] >>> [apiv2][query] GET https://secretmanager.googleapis.com/v1/projects/geogeo-8008a/secrets/SERVICE_ACCOUNT_JSON [none]
[debug] [2025-10-22T19:29:28.240Z] <<< [apiv2][status] GET https://secretmanager.googleapis.com/v1/projects/geogeo-8008a/secrets/SERVICE_ACCOUNT_JSON 200
[debug] [2025-10-22T19:29:28.240Z] <<< [apiv2][body] GET https://secretmanager.googleapis.com/v1/projects/geogeo-8008a/secrets/SERVICE_ACCOUNT_JSON {"name":"projects/236419171941/secrets/SERVICE_ACCOUNT_JSON","replication":{"automatic":{}},"createTime":"2025-10-03T21:13:06.670477Z","labels":{"firebase-managed":"functions"},"etag":"\"164047916cb4d6\""}
[debug] [2025-10-22T19:29:28.241Z] Checked if tokens are valid: true, expires at: 1761163607437
[debug] [2025-10-22T19:29:28.241Z] Checked if tokens are valid: true, expires at: 1761163607437
[debug] [2025-10-22T19:29:28.241Z] >>> [apiv2][query] GET https://secretmanager.googleapis.com/v1/projects/geogeo-8008a/secrets/SERVICE_ACCOUNT_JSON/versions/latest [none]
[debug] [2025-10-22T19:29:28.335Z] <<< [apiv2][status] GET https://secretmanager.googleapis.com/v1/projects/geogeo-8008a/secrets/SERVICE_ACCOUNT_JSON/versions/latest 200
[debug] [2025-10-22T19:29:28.335Z] <<< [apiv2][body] GET https://secretmanager.googleapis.com/v1/projects/geogeo-8008a/secrets/SERVICE_ACCOUNT_JSON/versions/latest {"name":"projects/236419171941/secrets/SERVICE_ACCOUNT_JSON/versions/1","createTime":"2025-10-03T21:15:33.089703Z","state":"ENABLED","replicationStatus":{"automatic":{}},"etag":"\"1640479a22c5a7\""}
[info] i  functions: preparing functions directory for uploading... 
[info] i  functions: packaged /Users/davidanderson/geographical.games/functions (204.77 KB) for uploading 
[debug] [2025-10-22T19:29:28.371Z] Checked if tokens are valid: true, expires at: 1761163607437
[debug] [2025-10-22T19:29:28.371Z] Checked if tokens are valid: true, expires at: 1761163607437
[debug] [2025-10-22T19:29:28.371Z] >>> [apiv2][query] GET https://cloudfunctions.googleapis.com/v1/projects/geogeo-8008a/locations/-/functions [none]
[debug] [2025-10-22T19:29:28.905Z] <<< [apiv2][status] GET https://cloudfunctions.googleapis.com/v1/projects/geogeo-8008a/locations/-/functions 200
[debug] [2025-10-22T19:29:28.906Z] <<< [apiv2][body] GET https://cloudfunctions.googleapis.com/v1/projects/geogeo-8008a/locations/-/functions {}
[debug] [2025-10-22T19:29:28.906Z] Checked if tokens are valid: true, expires at: 1761163607437
[debug] [2025-10-22T19:29:28.906Z] Checked if tokens are valid: true, expires at: 1761163607437
[debug] [2025-10-22T19:29:28.907Z] >>> [apiv2][query] GET https://cloudfunctions.googleapis.com/v2/projects/geogeo-8008a/locations/-/functions filter=environment%3D%22GEN_2%22
[debug] [2025-10-22T19:29:29.336Z] <<< [apiv2][status] GET https://cloudfunctions.googleapis.com/v2/projects/geogeo-8008a/locations/-/functions 200
[debug] [2025-10-22T19:29:29.336Z] <<< [apiv2][body] GET https://cloudfunctions.googleapis.com/v2/projects/geogeo-8008a/locations/-/functions {"functions":[{"name":"projects/geogeo-8008a/locations/us-central1/functions/app","buildConfig":{"build":"projects/236419171941/locations/us-central1/builds/4f89b5a8-71dc-4cf4-b50a-e44d4d39efc7","runtime":"nodejs20","entryPoint":"app","source":{"storageSource":{"bucket":"gcf-v2-sources-236419171941-us-central1","object":"app/function-source.zip","generation":"1761160894901909"}},"environmentVariables":{"GOOGLE_NODE_RUN_SCRIPTS":""},"dockerRepository":"projects/geogeo-8008a/locations/us-central1/repositories/gcf-artifacts","serviceAccount":"projects/geogeo-8008a/serviceAccounts/236419171941-compute@developer.gserviceaccount.com","automaticUpdatePolicy":{}},"serviceConfig":{"service":"projects/geogeo-8008a/locations/us-central1/services/app","timeoutSeconds":60,"environmentVariables":{"FIREBASE_CONFIG":"{\"projectId\":\"geogeo-8008a\",\"storageBucket\":\"geogeo-8008a.firebasestorage.app\"}","GCLOUD_PROJECT":"geogeo-8008a","EVENTARC_CLOUD_EVENT_SOURCE":"projects/geogeo-8008a/locations/us-central1/services/app","FUNCTION_TARGET":"app","LOG_EXECUTION_ID":"true"},"maxInstanceCount":20,"ingressSettings":"ALLOW_ALL","uri":"https://app-lweooccrmq-uc.a.run.app","serviceAccountEmail":"236419171941-compute@developer.gserviceaccount.com","availableMemory":"256Mi","allTrafficOnLatestRevision":true,"secretEnvironmentVariables":[{"key":"SERVICE_ACCOUNT_JSON","projectId":"geogeo-8008a","secret":"SERVICE_ACCOUNT_JSON","version":"1"}],"revision":"app-00008-qel","maxInstanceRequestConcurrency":80,"availableCpu":"1"},"state":"ACTIVE","updateTime":"2025-10-22T19:22:23.129939647Z","labels":{"deployment-tool":"cli-firebase","firebase-functions-hash":"1b7ac5edf90be692f62da56a46b57df57516cb2c"},"environment":"GEN_2","url":"https://us-central1-geogeo-8008a.cloudfunctions.net/app","createTime":"2025-10-03T22:37:45.100357868Z","satisfiesPzi":true}]}
[info] i  functions: ensuring required API run.googleapis.com is enabled... 
[info] i  functions: ensuring required API eventarc.googleapis.com is enabled... 
[info] i  functions: ensuring required API pubsub.googleapis.com is enabled... 
[info] i  functions: ensuring required API storage.googleapis.com is enabled... 
[info] i  functions: generating the service identity for pubsub.googleapis.com... 
[debug] [2025-10-22T19:29:29.341Z] Checked if tokens are valid: true, expires at: 1761163607437
[debug] [2025-10-22T19:29:29.341Z] Checked if tokens are valid: true, expires at: 1761163607437
[info] i  functions: generating the service identity for eventarc.googleapis.com... 
[debug] [2025-10-22T19:29:29.341Z] Checked if tokens are valid: true, expires at: 1761163607437
[debug] [2025-10-22T19:29:29.341Z] Checked if tokens are valid: true, expires at: 1761163607437
[debug] [2025-10-22T19:29:29.342Z] >>> [apiv2][query] POST https://serviceusage.googleapis.com/v1beta1/projects/236419171941/services/pubsub.googleapis.com:generateServiceIdentity [none]
[debug] [2025-10-22T19:29:29.342Z] >>> [apiv2][(partial)header] POST https://serviceusage.googleapis.com/v1beta1/projects/236419171941/services/pubsub.googleapis.com:generateServiceIdentity x-goog-quota-user=projects/236419171941
[debug] [2025-10-22T19:29:29.342Z] >>> [apiv2][body] POST https://serviceusage.googleapis.com/v1beta1/projects/236419171941/services/pubsub.googleapis.com:generateServiceIdentity {}
[debug] [2025-10-22T19:29:29.344Z] >>> [apiv2][query] POST https://serviceusage.googleapis.com/v1beta1/projects/236419171941/services/eventarc.googleapis.com:generateServiceIdentity [none]
[debug] [2025-10-22T19:29:29.344Z] >>> [apiv2][(partial)header] POST https://serviceusage.googleapis.com/v1beta1/projects/236419171941/services/eventarc.googleapis.com:generateServiceIdentity x-goog-quota-user=projects/236419171941
[debug] [2025-10-22T19:29:29.344Z] >>> [apiv2][body] POST https://serviceusage.googleapis.com/v1beta1/projects/236419171941/services/eventarc.googleapis.com:generateServiceIdentity {}
[debug] [2025-10-22T19:29:29.619Z] <<< [apiv2][status] POST https://serviceusage.googleapis.com/v1beta1/projects/236419171941/services/eventarc.googleapis.com:generateServiceIdentity 200
[debug] [2025-10-22T19:29:29.619Z] <<< [apiv2][body] POST https://serviceusage.googleapis.com/v1beta1/projects/236419171941/services/eventarc.googleapis.com:generateServiceIdentity {"name":"operations/finished.DONE_OPERATION","done":true,"response":{"@type":"type.googleapis.com/google.api.serviceusage.v1beta1.ServiceIdentity","email":"service-236419171941@gcp-sa-eventarc.iam.gserviceaccount.com","uniqueId":"106708091484748667131"}}
[debug] [2025-10-22T19:29:29.719Z] <<< [apiv2][status] POST https://serviceusage.googleapis.com/v1beta1/projects/236419171941/services/pubsub.googleapis.com:generateServiceIdentity 200
[debug] [2025-10-22T19:29:29.719Z] <<< [apiv2][body] POST https://serviceusage.googleapis.com/v1beta1/projects/236419171941/services/pubsub.googleapis.com:generateServiceIdentity {"name":"operations/finished.DONE_OPERATION","done":true,"response":{"@type":"type.googleapis.com/google.api.serviceusage.v1beta1.ServiceIdentity","email":"service-236419171941@gcp-sa-pubsub.iam.gserviceaccount.com","uniqueId":"107526414626679231294"}}
[info] i  functions: ensuring required API secretmanager.googleapis.com is enabled... 
[debug] [2025-10-22T19:29:29.721Z] Checked if tokens are valid: true, expires at: 1761163607437
[debug] [2025-10-22T19:29:29.721Z] Checked if tokens are valid: true, expires at: 1761163607437
[debug] [2025-10-22T19:29:29.721Z] >>> [apiv2][query] GET https://secretmanager.googleapis.com/v1/projects/geogeo-8008a/secrets/SERVICE_ACCOUNT_JSON/versions/latest [none]
[debug] [2025-10-22T19:29:29.790Z] <<< [apiv2][status] GET https://secretmanager.googleapis.com/v1/projects/geogeo-8008a/secrets/SERVICE_ACCOUNT_JSON/versions/latest 200
[debug] [2025-10-22T19:29:29.790Z] <<< [apiv2][body] GET https://secretmanager.googleapis.com/v1/projects/geogeo-8008a/secrets/SERVICE_ACCOUNT_JSON/versions/latest {"name":"projects/236419171941/secrets/SERVICE_ACCOUNT_JSON/versions/1","createTime":"2025-10-03T21:15:33.089703Z","state":"ENABLED","replicationStatus":{"automatic":{}},"etag":"\"1640479a22c5a7\""}
[debug] [2025-10-22T19:29:29.790Z] Resolved secret version of SERVICE_ACCOUNT_JSON to 1.
[debug] [2025-10-22T19:29:29.791Z] Checked if tokens are valid: true, expires at: 1761163607437
[debug] [2025-10-22T19:29:29.791Z] Checked if tokens are valid: true, expires at: 1761163607437
[debug] [2025-10-22T19:29:29.791Z] >>> [apiv2][query] GET https://cloudresourcemanager.googleapis.com/v1/projects/geogeo-8008a [none]
[debug] [2025-10-22T19:29:29.898Z] <<< [apiv2][status] GET https://cloudresourcemanager.googleapis.com/v1/projects/geogeo-8008a 200
[debug] [2025-10-22T19:29:29.899Z] <<< [apiv2][body] GET https://cloudresourcemanager.googleapis.com/v1/projects/geogeo-8008a {"projectNumber":"236419171941","projectId":"geogeo-8008a","lifecycleState":"ACTIVE","name":"geogeo","labels":{"firebase":"enabled","firebase-core":"disabled"},"createTime":"2025-09-14T21:24:38.258915Z"}
[debug] [2025-10-22T19:29:29.899Z] Checked if tokens are valid: true, expires at: 1761163607437
[debug] [2025-10-22T19:29:29.899Z] Checked if tokens are valid: true, expires at: 1761163607437
[debug] [2025-10-22T19:29:29.899Z] >>> [apiv2][query] GET https://compute.googleapis.com/compute/v1/projects/236419171941 [none]
[debug] [2025-10-22T19:29:30.010Z] <<< [apiv2][status] GET https://compute.googleapis.com/compute/v1/projects/236419171941 403
[debug] [2025-10-22T19:29:30.010Z] <<< [apiv2][body] GET https://compute.googleapis.com/compute/v1/projects/236419171941 {"error":{"code":403,"message":"Compute Engine API has not been used in project 236419171941 before or it is disabled. Enable it by visiting https://console.developers.google.com/apis/api/compute.googleapis.com/overview?project=236419171941 then retry. If you enabled this API recently, wait a few minutes for the action to propagate to our systems and retry.","errors":[{"message":"Compute Engine API has not been used in project 236419171941 before or it is disabled. Enable it by visiting https://console.developers.google.com/apis/api/compute.googleapis.com/overview?project=236419171941 then retry. If you enabled this API recently, wait a few minutes for the action to propagate to our systems and retry.","domain":"usageLimits","reason":"accessNotConfigured","extendedHelp":"https://console.developers.google.com"}],"status":"PERMISSION_DENIED","details":[{"@type":"type.googleapis.com/google.rpc.ErrorInfo","reason":"SERVICE_DISABLED","domain":"googleapis.com","metadata":{"activationUrl":"https://console.developers.google.com/apis/api/compute.googleapis.com/overview?project=236419171941","containerInfo":"236419171941","serviceTitle":"Compute Engine API","service":"compute.googleapis.com","consumer":"projects/236419171941"}},{"@type":"type.googleapis.com/google.rpc.LocalizedMessage","locale":"en-US","message":"Compute Engine API has not been used in project 236419171941 before or it is disabled. Enable it by visiting https://console.developers.google.com/apis/api/compute.googleapis.com/overview?project=236419171941 then retry. If you enabled this API recently, wait a few minutes for the action to propagate to our systems and retry."},{"@type":"type.googleapis.com/google.rpc.Help","links":[{"description":"Google developers console API activation","url":"https://console.developers.google.com/apis/api/compute.googleapis.com/overview?project=236419171941"}]}]}}
[debug] [2025-10-22T19:29:30.011Z] unable to look up default compute service account. Falling back to 236419171941-compute@developer.gserviceaccount.com. Error: {"name":"FirebaseError","children":[],"context":{"body":{"error":{"code":403,"message":"Compute Engine API has not been used in project 236419171941 before or it is disabled. Enable it by visiting https://console.developers.google.com/apis/api/compute.googleapis.com/overview?project=236419171941 then retry. If you enabled this API recently, wait a few minutes for the action to propagate to our systems and retry.","errors":[{"message":"Compute Engine API has not been used in project 236419171941 before or it is disabled. Enable it by visiting https://console.developers.google.com/apis/api/compute.googleapis.com/overview?project=236419171941 then retry. If you enabled this API recently, wait a few minutes for the action to propagate to our systems and retry.","domain":"usageLimits","reason":"accessNotConfigured","extendedHelp":"https://console.developers.google.com"}],"status":"PERMISSION_DENIED","details":[{"@type":"type.googleapis.com/google.rpc.ErrorInfo","reason":"SERVICE_DISABLED","domain":"googleapis.com","metadata":{"activationUrl":"https://console.developers.google.com/apis/api/compute.googleapis.com/overview?project=236419171941","containerInfo":"236419171941","serviceTitle":"Compute Engine API","service":"compute.googleapis.com","consumer":"projects/236419171941"}},{"@type":"type.googleapis.com/google.rpc.LocalizedMessage","locale":"en-US","message":"Compute Engine API has not been used in project 236419171941 before or it is disabled. Enable it by visiting https://console.developers.google.com/apis/api/compute.googleapis.com/overview?project=236419171941 then retry. If you enabled this API recently, wait a few minutes for the action to propagate to our systems and retry."},{"@type":"type.googleapis.com/google.rpc.Help","links":[{"description":"Google developers console API activation","url":"https://console.developers.google.com/apis/api/compute.googleapis.com/overview?project=236419171941"}]}]}},"response":{"statusCode":403}},"exit":1,"message":"Request to https://compute.googleapis.com/compute/v1/projects/236419171941 had HTTP Error: 403, Compute Engine API has not been used in project 236419171941 before or it is disabled. Enable it by visiting https://console.developers.google.com/apis/api/compute.googleapis.com/overview?project=236419171941 then retry. If you enabled this API recently, wait a few minutes for the action to propagate to our systems and retry.","status":403}
[debug] [2025-10-22T19:29:30.016Z] Checked if tokens are valid: true, expires at: 1761163607437
[debug] [2025-10-22T19:29:30.016Z] Checked if tokens are valid: true, expires at: 1761163607437
[debug] [2025-10-22T19:29:30.016Z] >>> [apiv2][query] POST https://firebasehosting.googleapis.com/v1beta1/projects/-/sites/geogeo-8008a/versions [none]
[debug] [2025-10-22T19:29:30.018Z] >>> [apiv2][body] POST https://firebasehosting.googleapis.com/v1beta1/projects/-/sites/geogeo-8008a/versions {"status":"CREATED","labels":{"deployment-tool":"cli-firebase"}}
[debug] [2025-10-22T19:29:30.693Z] <<< [apiv2][status] POST https://firebasehosting.googleapis.com/v1beta1/projects/-/sites/geogeo-8008a/versions 200
[debug] [2025-10-22T19:29:30.694Z] <<< [apiv2][body] POST https://firebasehosting.googleapis.com/v1beta1/projects/-/sites/geogeo-8008a/versions {"name":"projects/236419171941/sites/geogeo-8008a/versions/da2e3c5cb28b11eb","status":"CREATED","config":{},"labels":{"deployment-tool":"cli-firebase"}}
[debug] [2025-10-22T19:29:30.695Z] Checked if tokens are valid: true, expires at: 1761163607437
[debug] [2025-10-22T19:29:30.695Z] Checked if tokens are valid: true, expires at: 1761163607437
[debug] [2025-10-22T19:29:30.695Z] >>> [apiv2][query] GET https://cloudbilling.googleapis.com/v1/projects/geogeo-8008a/billingInfo [none]
[debug] [2025-10-22T19:29:30.863Z] <<< [apiv2][status] GET https://cloudbilling.googleapis.com/v1/projects/geogeo-8008a/billingInfo 200
[debug] [2025-10-22T19:29:30.864Z] <<< [apiv2][body] GET https://cloudbilling.googleapis.com/v1/projects/geogeo-8008a/billingInfo {"name":"projects/geogeo-8008a/billingInfo","projectId":"geogeo-8008a","billingAccountName":"billingAccounts/0139AD-A1381B-2930EC","billingEnabled":true}
[info] i  hosting[geogeo-8008a]: beginning deploy... 
[info] i  hosting[geogeo-8008a]: found 1295 files in . 
[debug] [2025-10-22T19:29:30.980Z] [hosting] uploading with 200 concurrency
[debug] [2025-10-22T19:29:30.981Z] [hosting] hash cache [] not populated
[debug] [2025-10-22T19:30:46.822Z] Checked if tokens are valid: true, expires at: 1761163607437
[debug] [2025-10-22T19:30:46.822Z] Checked if tokens are valid: true, expires at: 1761163607437
[debug] [2025-10-22T19:30:46.822Z] >>> [apiv2][query] POST https://firebasehosting.googleapis.com/v1beta1/projects/236419171941/sites/geogeo-8008a/versions/da2e3c5cb28b11eb:populateFiles [none]
[debug] [2025-10-22T19:30:46.823Z] >>> [apiv2][body] POST https://firebasehosting.googleapis.com/v1beta1/projects/236419171941/sites/geogeo-8008a/versions/da2e3c5cb28b11eb:populateFiles {"files":{"/vitest.config.js":"572f7ae8489aeca9699467ea6f3eeebeeb495dfdc8410ae9148a074df06b23c3","/purgecss.config.js":"6f7c5768fec879947f140b313f2b3be214f4d6597dccb9956a0d969c96575b0b","/playwright.config.ts":"c93e090af3f51a73680241e5435cf275ba559a23caa8162b4efd09d672bd3feb","/package.json":"2406342c18184ddeca58cbc1ee1fbe5bd95808961823051273c0d7a7129afb6d","/service-worker.js":"04add1a01ee9011fc99ea53e1016f58a6584f5a0b393365362a3f5342640c1ed","/geogeo.json":"7ad1948658c97cb4291fafa2743a719c5b574a18fe89a2ae957019c33be5a24e","/country_scores.json":"8d8eb77097f675838953431f8f7a61126127eeb965d0893deba0992b50b74b43","/index.html":"0233da0189f4b17192f270b94d402a2d18692ef0693e636cfab0005406af5535","/firestore.rules":"aa2a229d496702092a2da0706ebb0890462896f64153a5594271eab8177715d1","/firebase-config.example.json":"008da4c845b6e996d6f656855e5a749131826d91dd3bf0c2bdf70e31df28340a","/README.md":"af4321c19d29b1d47046325e4653672f5d97640ad55362df36e3ca508f12ffb8","/states_wiki/VT.csv":"c7b89ff43ee181fa6daab5622484e2338a247666e133b7a895733c62bf0989ca","/country-scores.json":"1d63d5b043903f510e09f660618637bb9f729a723782f6883d0b513d143327ce","/states_wiki/WV.csv":"19a669c87638d98d28dfabf6af705db63e8e9139445cd321fdb87b36b267a5d1","/states_wiki/VA.csv":"7eccacf0f454bf19074db4f945bca2fb36499f8ae7617f66fabda14972cedbda","/style.css":"a58c1b6c7b6b56b9f86922158e2ee8e01f53b345e0eac653f4b07dfd2e10a0a2","/states_wiki/WA.csv":"59c6ca00b32c085f3342df9a2a188c834c1b888d8dcef8e4579a5def212c5da9","/states_wiki/TN.csv":"0e504e144faa08b4dab9608c92e55b5e158dacffe0ee86ac5a32b6efd22e953f","/states_wiki/SD.csv":"3608af154fb573637ce04c37d3528f9176f49f9072980c1fb47d5fe8e1c467f9","/states_wiki/WI.csv":"6a76c73812e74aa54573a6a6d7928b6fdbf36f7679a144f27ad6210403a17aaf","/states_wiki/WY.csv":"a0f2f26de9f1c674f45ade769dcfc65e5a85f27328641c4baaa52d2a34d13911","/states_wiki/RI.csv":"e41ecc8b4cd6a7d7f9abd58dde5b88e7a7b6ac2d0139f40aa127392293f5082c","/states_wiki/SC.csv":"5bd4537b59a98fa1eecdef424eebaa78c5cd3bf2ea4aec6427d3919aae3a05cf","/states_wiki/UT.csv":"2c5e78d22c67e07ea54a6043bd3f2e5dc5f351c26bb1d53aa610e51422454f5a","/states_wiki/OR.csv":"1b32b2ece1897298d929f24301aa559d4d317146b239878b67d5181cdf2852bf","/states_wiki/NV.csv":"5f5d0fcfc5f2081cad955899258fa75ce66682a569efeee6edd2b974843fbd71","/states_wiki/NM.csv":"e20731715f588124346a869b4a933a277a99f53d9eaa35961212840addb50514","/states_wiki/OK.csv":"c7be15c8d79e81759754dd7e908aad85ebba931ed2ca95ff5f19d82a8337ec2c","/states_wiki/NH.csv":"28099c1a21a58b773442b8d73804633d211d189d27141155c49227622788e2ee","/states_wiki/NY.csv":"de24174c19ef6997de302f424fa951b2eb2ec4e350bddc498b503daaf3626d03","/states_wiki/NJ.csv":"0f96a146ca4a98defb70b2937be207dcd9ed13b253ae00f8fc145c5afc91710f","/states_wiki/MT.csv":"ac47ea98b262c5b0f7c4a7ed715ad421d41e85e9210ccfb3a735fce4b176d91f","/states_wiki/NE.csv":"ceee33d7d20c7f8893edb0d6be5e01e241fd8ff6f1f3611c9a4b2b64d771fe01","/states_wiki/ME.csv":"ff6b8f6684774b7b20bf2a039f4e0ad0cfeeb7c60dd7de7dd246501f92e1f244","/states_wiki/MD.csv":"b8d4e7d59f100d1c204013a3578b41ad3e9bc17ea7b0820d1870c3a63913ba98","/states_wiki/NC.csv":"18914c7ffc3ea1b5a9b008d6c0a2e92d57676b657a18c540aaef076fb172b6dd","/states_wiki/MS.csv":"6ddab749110826d088a0a4b7a08aa3cbb2aa77b0c4a60c54703d23179fd594e8","/states_wiki/MA.csv":"056984796fcd0d37688edde0fa50d5d1418fe1ba8dbeaa4357c7aaa43a339cc6","/states_wiki/MI.csv":"32810e4233be3741772961c2d69e3c075270fcb2134c2a7e45f842b94df26b77","/states_wiki/ND.csv":"b83438f2f4419516e535931c9c504c3c23854de06d1248d9b048ccb50d67fd90","/states_wiki/TX.csv":"4c122ec0d9abe9a8cdf173301e138664452eaf43ccc2a960206f77a5ad28f3da","/states_wiki/MN.csv":"2fdc399f05769a384a27b092a3b0a7d2fd6b1339e53304f9b42f001231232fdb","/states_wiki/MO.csv":"605a40021594e84b0809a064f17dfc6f4f82116b1afb98ddb4a58ef0967d1af3","/states_wiki/PA.csv":"b6af4b3c8794edec9daacd1f8cb79867d6d615e2649c4934894f9d297301bfd7","/states_wiki/LA.csv":"a07f23144556a8cd1835e712e88f5406df360452c1c910b8bdaaee230746d803","/states_wiki/ID.csv":"30f4461f21c4b7117fa9dfe336fe9653db551a6799720948fbdca0f8cf041755","/states_wiki/KY.csv":"11fc8a84c9a2262c24572a3053b799ed0b20fa4cb527e574021cb76891cc1c29","/states_wiki/HI.csv":"b4d99ba1a967cf8009aa57bf056bb53cd67d96deed0aa34bc4fbf9fead0e1f1d","/states_wiki/IN.csv":"128f7c8b4816c076b79294abf98f913962b67920e1d9d4ed0ec69c448d644010","/states_wiki/DE.csv":"b194a9e16502084de0949c91b9245ae861196d0c697a207b9708c95e11d4cc36","/states_wiki/CT.csv":"f579072e40a4abdda8bda483245c31d13b8c9977bc41904973f78eeb521b13e5","/states_wiki/KS.csv":"85d4ac374ae5263a64853885cf2cea059248a0fb47b9be9cc63cff9ae4c8f10d","/states_wiki/FL.csv":"eac61ab2130a395eabebbe0e1e35cc451b51776dbea2be46b6087897f359b2ae","/states_wiki/AZ.csv":"84c09eb6302cb476416bb02670ad8e3947a01228f2948ac27b9fa4bdcf7ae6d3","/states_wiki/AR.csv":"223aa2a2420b2ea30b5562f63b7d94a574c287392f0446e8d0ff97c398946487","/states_wiki/GA.csv":"98e2aad9c5eed0394d37816e28be60fb33e1cf93d2505f3c190146f88aedc51e","/states_wiki/AL.csv":"3d96476764b7edcab0e89063fde90cd9f15caa51a30450302482f25927859365","/states_wiki/CA.csv":"37a092d4c3fd0c490788801ad80b8c97d216d55a5c9a4d32ee9bdde9855dcee3","/js/geolayers_admin.js":"b7d182d1fae18ba237d0783578e96264e3db84ae29ab71e661a6e5e08326eebd","/js/auth.js":"1870a2d39e6a2c742b44c9cda7a6bbf4976d8147377f695e81b60c15c9ffef33","/js/tabs.js":"364d6351d8ae2e8ae34b7821a5817e64020eb2c1abb43d4a9da654eca27c70ef","/js/geoscore_game.js":"15e6d3a3b2d18360d1120421259b972bf571a2e098cf4ed81e30aea8b192db9c","/js/apiClient.js":"e8fe8aff0f4c1cb6364285197b8c2188463120485a6822b2d7c5e9e90f0bad78","/geolayers-game/package.json":"bb7fccaa4bc6e65ce6c16d9e77bc194387d7a06c24bf6132c030c82015083fb9","/geolayers-game/public/style.css":"1b0ec21664663a0a85fa8968cb9394a83eacc537d4f379710c1d7cea7a95461e","/geolayers-game/package-lock.json":"36da32d95e318f19132c37d56d8f18d6f1bfdfdcc8204436622f8c302acd470f","/states_wiki/AK.csv":"9b87833268759d4cc70dacf97b87a840cef33ad18e355457b12d4a291a4695b5","/geolayers-game/public/countries.json":"3ea301bcf3fff75809c9d6341a1f543adac039c4e57ff935a7fa2c2109cfd0fe","/geolayers-game/public/index.v20250901.html":"240078d74c119a95de1cc548b19dd6163a8fb5e9f29cf40593501afbe8d9ab06","/geolayers-game/public/data/ZWE/rivers.geojson":"ca9b66f588567ba61ba700d71439b5bc3d2d4b1c6045e0ba0b1ead237c79a068","/geolayers-game/public/main.v20250901.js":"d22f8b3546b4cc88688f6afedbc4a605a767c72cad794b55e88e5153a435bee6","/js/geoscore.js":"9053b837389df6a552788318ef870be30c254ce54007443fd59c3a5cefce2af7","/geolayers-game/public/data/ZWE/outline.geojson":"3233752ce519b3f104635ecf19d3a7779a07164400e89eabb7ae2e673ab3e4be","/geolayers-game/public/data/ZWE/cities.geojson":"dc70f0afa7984cb585d28b82e3ad122ecb9694e68062c9654fa40bacdfda4dc0","/geolayers-game/public/data/ZMB/rivers.geojson":"ca9b66f588567ba61ba700d71439b5bc3d2d4b1c6045e0ba0b1ead237c79a068","/geolayers-game/public/data/ZMB/outline.geojson":"2c423d177f9c5b09031c34fd2ede147c7c72721eed5d9b15b67216fafe469b66","/geolayers-game/public/data/ZMB/cities.geojson":"f46dc1bb8717954fc1a3596a10d8a7307cb2bb7bc40de7c1cab643e97d4b65d6","/states_wiki/CO.csv":"68ca4428b108b8cc7bcc196dfaae6066dbc5e612db0a7d052f302a5d59573270","/states_wiki/OH.csv":"471c8aaf462a5fd962659a00db6572062cb1bdac0f2f9ebee2458e0f05721ee7","/geolayers-game/public/data/ZAF/rivers.geojson":"ca9b66f588567ba61ba700d71439b5bc3d2d4b1c6045e0ba0b1ead237c79a068","/states_wiki/IA.csv":"10a5dbc0491064304ec13afa285f3ace4ee125d9bd2c51c9d7dcbf83f91b42dc","/states_wiki/IL.csv":"d191d05d477f72105f53e50fe85a0c5dddc0ead430d60a96d95396743af3f1a4","/geolayers-game/public/data/ZAF/cities.geojson":"8ee18f529ed2f5620f55438a3c54c55a0b0e9b852ae67ffddba46ad819a25f9f","/geolayers-game/public/data/YEM/rivers.geojson":"ca9b66f588567ba61ba700d71439b5bc3d2d4b1c6045e0ba0b1ead237c79a068","/geolayers-game/public/data/ZAF/outline.geojson":"bbbde8207ef0e3b9ad5de22968579b425bd3e13c0a0fef83c2719bd7d3c1069b","/geolayers-game/public/data/YEM/cities.geojson":"d979d87d75eb8800c3745137d466709dec4bfd4f0403bbdd53c1cc13a8f01365","/geoscore_questions_backup.json":"733c1e271d181148fe8cfaf8f0fbfb7e8b0910f310c03e4e5a666638372ff2cd","/geolayers-game/public/data/WSM/outline.geojson":"ce1c9068a3c189114c5cd75d3e7998b0efd79c7875143b30aa6536ebc57f3775","/geolayers-game/public/data/WSM/rivers.geojson":"ca9b66f588567ba61ba700d71439b5bc3d2d4b1c6045e0ba0b1ead237c79a068","/geolayers-game/public/data/WSM/cities.geojson":"618e8ceab974e603d6713b258362b411764bdc25787609d668bd75dcef19d4e5","/geolayers-game/public/data/WLF/rivers_highres.geojson":"e611da77f58bf89f11667454b13e2c0973a69c836bf2a33e478d5bb6b6d2843d","/geolayers-game/public/data/WLF/rivers.geojson":"ca9b66f588567ba61ba700d71439b5bc3d2d4b1c6045e0ba0b1ead237c79a068","/geolayers-game/public/data/WLF/cities.geojson":"ca9b66f588567ba61ba700d71439b5bc3d2d4b1c6045e0ba0b1ead237c79a068","/geolayers-game/public/data/WLF/outline.geojson":"66d6de263ab9023f3bc7c5f3973d24ca1fd0e6b3527d98bf6c3243d4b6ca1a83","/geolayers-game/public/data/YEM/outline.geojson":"b888c1ab01e9ad8f3012d5013ce84e3c135b1e3caf734ae73e8078b3b45b3cb4","/geolayers-game/public/data/VUT/outline.geojson":"67e30eb46541f8d7465b86c71c1664e3630ef9e4642c1422d5e0b522b8223ea3","/geolayers-game/public/data/VUT/cities.geojson":"d97a688892addebfd73420430e32d66cf874f1738c4cd07b3fe98fb380b7e3ff","/geolayers-game/public/data/VUT/rivers.geojson":"ca9b66f588567ba61ba700d71439b5bc3d2d4b1c6045e0ba0b1ead237c79a068","/geolayers-game/public/data/VNM/rivers.geojson":"ca9b66f588567ba61ba700d71439b5bc3d2d4b1c6045e0ba0b1ead237c79a068","/geolayers-game/public/data/VNM/cities.geojson":"24f1572f86e10be0fc6c5bb29607e3b1ba76887eac0dbee1514ff65392445514","/geolayers-game/public/data/VIR/rivers_highres.geojson":"ca9b66f588567ba61ba700d71439b5bc3d2d4b1c6045e0ba0b1ead237c79a068","/geolayers-game/public/data/VIR/rivers.geojson":"ca9b66f588567ba61ba700d71439b5bc3d2d4b1c6045e0ba0b1ead237c79a068","/geolayers-game/public/data/VIR/outline.geojson":"aae8c783bedf318fc3908dd8b84eb841bc42a6c92b29dc8b3ec1f1d498618f8c","/geolayers-game/public/data/VIR/cities.geojson":"33c505614e6b4db80046ac0fb86b42da3a2c0c4d7e47d63afbedf8c89167af24","/geolayers-game/public/data/VGB/rivers_highres.geojson":"553aa4f67d833b28a8919e45ca5578016d1da18f6d6dff6642b43b1bc04b139b","/geolayers-game/public/data/VGB/outline.geojson":"194b5fcaa25c7bc527a72e3c43ab5a9f91f8e6bd87cb5384f4889a27f6bcf39e","/geolayers-game/public/data/VGB/cities.geojson":"ca9b66f588567ba61ba700d71439b5bc3d2d4b1c6045e0ba0b1ead237c79a068","/geolayers-game/public/data/VEN/rivers.geojson":"ca9b66f588567ba61ba700d71439b5bc3d2d4b1c6045e0ba0b1ead237c79a068","/geolayers-game/public/data/VEN/cities.geojson":"1025c18db4375f9060ca4ecef9be898b7f2767b0fa705bf158d1ad4dd0fd0c89","/geolayers-game/public/data/VCT/rivers.geojson":"ca9b66f588567ba61ba700d71439b5bc3d2d4b1c6045e0ba0b1ead237c79a068","/geolayers-game/public/data/VCT/outline.geojson":"7a57c34650948923353ba651b234da260c86fdcc85ab49f39b1a18cd1a87d34e","/geolayers-game/public/data/VCT/cities.geojson":"fd2f04c1500f9b83d95adc93df64dfa38d6e1fd077523383bcf4aaa8390fd957","/geolayers-game/public/data/VAT/rivers_highres.geojson":"ca9b66f588567ba61ba700d71439b5bc3d2d4b1c6045e0ba0b1ead237c79a068","/geolayers-game/public/data/VAT/rivers.geojson":"ca9b66f588567ba61ba700d71439b5bc3d2d4b1c6045e0ba0b1ead237c79a068","/geolayers-game/public/data/VCT/rivers_highres.geojson":"8a212fa2a0883a87cf9ce8ce19e43861a07f2c740510c9bf297ac5c3f0007161","/geolayers-game/public/data/VAT/outline.geojson":"dec49360c0c5cfb47b0a9a577c81f9f3f092ffb3e22881665a2d89a5dccfc3e7","/geolayers-game/public/data/VAT/cities.geojson":"c0f5b7e307f82da1959bab0bb123cc59c1e48d6934648c3cb0a467c73260d0aa","/geolayers-game/public/data/YEM/rivers_highres.geojson":"04b719cb01ff4a103bb5a425c87382a89e2971b4cb8652e87ee47a67c5dc1502","/geolayers-game/public/data/VNM/outline.geojson":"09cfe4823eab01287a18de9e6aacf43c86dcf1d2e99cfeba3b82dc61a0c4c6f6","/geolayers-game/public/data/VEN/outline.geojson":"13b2b9be0a3887150175f49dc516ce1c44d9fa6ed5fc185c9a896be4346b3977","/package-lock.json":"01bf34b8cf26a33084e6fedec204962583bc960663ecbcbb46cbdacd18ec0bb3","/geolayers-game/public/data/UZB/rivers.geojson":"ca9b66f588567ba61ba700d71439b5bc3d2d4b1c6045e0ba0b1ead237c79a068","/geolayers-game/public/data/UZB/outline.geojson":"3eedb83867c7fbd6853b64b7d6705876b866538c7a12328fc6e47684f70288a3","/geolayers-game/public/data/UZB/cities.geojson":"fbe5441d94dec8d7e3afa0017ee51adefd61551b6e026c635676512d599545e4","/geolayers-game/public/data/USA/cities.geojson":"62f3c5333cd49a4d0387c2c63e597772bcd4e1a04c9cd0205d1fd422894e380a","/geolayers-game/public/data/URY/outline.geojson":"962eb5bd4973769b4910115452d0aed276037c074b9a6e27de9bc7e84289903b","/geolayers-game/public/data/URY/rivers.geojson":"ca9b66f588567ba61ba700d71439b5bc3d2d4b1c6045e0ba0b1ead237c79a068","/geolayers-game/public/data/URY/cities.geojson":"fef8a126d0e78d59864ca1f7e8d15fd01112619bd40cdb8b58f2433adf18bd3d","/geolayers-game/public/data/UMI/rivers.geojson":"ca9b66f588567ba61ba700d71439b5bc3d2d4b1c6045e0ba0b1ead237c79a068","/geolayers-game/public/data/UMI/outline.geojson":"9b0b3828eeec26d3c2664588d4288d3abd249b41c42c9a218a56e365bbe6914b","/geolayers-game/public/data/UMI/rivers_highres.geojson":"ca9b66f588567ba61ba700d71439b5bc3d2d4b1c6045e0ba0b1ead237c79a068","/geolayers-game/public/data/UMI/cities.geojson":"ca9b66f588567ba61ba700d71439b5bc3d2d4b1c6045e0ba0b1ead237c79a068","/geolayers-game/public/data/UKR/rivers.geojson":"ca9b66f588567ba61ba700d71439b5bc3d2d4b1c6045e0ba0b1ead237c79a068","/geolayers-game/public/data/UKR/cities.geojson":"9210493fba0d4fd88e5d6644117e41d6fc1c4ea447d750304e8aaefb9f5e0626","/geolayers-game/public/data/UGA/rivers.geojson":"ca9b66f588567ba61ba700d71439b5bc3d2d4b1c6045e0ba0b1ead237c79a068","/geolayers-game/public/data/UGA/outline.geojson":"ddf0d967510ee650d5578b273c9036627a6a3aa8f8804a5ff8a690b315a9fc32","/geolayers-game/public/data/UGA/cities.geojson":"11a7fcb439f1e1b7f81d2bb2e5b70476a6ea1421fb02bb74ebd849662f6b16e4","/geolayers-game/public/data/TZA/rivers.geojson":"ca9b66f588567ba61ba700d71439b5bc3d2d4b1c6045e0ba0b1ead237c79a068","/geolayers-game/public/data/TZA/cities.geojson":"8320935c8ee64684ba54261c5cf8c3c84aacc669204af9d0daae8781e0c8eb72","/geolayers-game/public/data/TZA/outline.geojson":"2db67c76cab0ff159b430495cee13ec9c0adb0f432803bc331740070b6cd2e00","/geolayers-game/public/data/TWN/rivers.geojson":"ca9b66f588567ba61ba700d71439b5bc3d2d4b1c6045e0ba0b1ead237c79a068","/geolayers-game/public/data/WSM/rivers_highres.geojson":"8e97fcb0cb43e16e24af615a81409f83999f1712ade68f37c33608d76b1c98f2","/geolayers-game/public/data/TWN/outline.geojson":"3bb8c12b6586bb61fa8e49ad3579c1be52e9d0a04d5c9ad4405e9f40fb44f14d","/geolayers-game/public/data/TWN/cities.geojson":"211ae8b30616bd910f6432e214ef0cded92512fce078d651a34da05aa3e9c051","/geolayers-game/public/data/TUV/rivers_highres.geojson":"ca9b66f588567ba61ba700d71439b5bc3d2d4b1c6045e0ba0b1ead237c79a068","/geolayers-game/public/data/UKR/outline.geojson":"39a6ccb6bb7aee4d48869efded6f274337c466e66bd40d963f4f4b02b8fc7e0b","/geolayers-game/public/data/TUV/rivers.geojson":"ca9b66f588567ba61ba700d71439b5bc3d2d4b1c6045e0ba0b1ead237c79a068","/geolayers-game/public/data/TUV/outline.geojson":"950058bca5edaa0694c445bf3fa68779dfef747b30cab211ecbb9b9bce49476b","/geolayers-game/public/data/TUV/cities.geojson":"2f8712785c6418257e3e784e60c8f55705fe16261067a640178365733198c2ac","/geolayers-game/public/data/TUR/rivers.geojson":"ca9b66f588567ba61ba700d71439b5bc3d2d4b1c6045e0ba0b1ead237c79a068","/geolayers-game/public/data/TUR/cities.geojson":"236f126186af2edb81ed31f0469e363d890d43935fb4b00fc166e50228e6d348","/geolayers-game/public/data/USA/rivers.geojson":"421f60f77fac11a55f25c2a4c2094ce0738400ff2f8453f756f4110b1ccf2af3","/geolayers-game/public/data/TUN/rivers.geojson":"ca9b66f588567ba61ba700d71439b5bc3d2d4b1c6045e0ba0b1ead237c79a068","/geolayers-game/public/data/TUN/outline.geojson":"3465fb6004c2f2b2d652759997996b69660fa83a68cb08792cd00bae1bf3c1ac","/geolayers-game/public/data/TUN/cities.geojson":"cd8aa4fc10f2d699c515d3fc574c44ac7879db4e63728eeb78ec7b991bc41f6c","/geolayers-game/public/data/TTO/rivers.geojson":"ca9b66f588567ba61ba700d71439b5bc3d2d4b1c6045e0ba0b1ead237c79a068","/geolayers-game/public/data/TTO/outline.geojson":"ee7e24030e479d1156d2ee40c147ff114ce01e2aa858c01e680f06c859a7302b","/geolayers-game/public/data/TTO/cities.geojson":"0793c3a28ef9c620f90bf28d80dd056f1e2c80d75083aa3f4d11d278d40f18b5","/geolayers-game/public/data/TON/rivers_highres.geojson":"ca9b66f588567ba61ba700d71439b5bc3d2d4b1c6045e0ba0b1ead237c79a068","/geolayers-game/public/data/TON/rivers.geojson":"ca9b66f588567ba61ba700d71439b5bc3d2d4b1c6045e0ba0b1ead237c79a068","/geolayers-game/public/data/TON/cities.geojson":"2944a9f1c4f76033b9bbc68314c0455fd669c2d5ea4696b0554a005dd6c8a959","/geolayers-game/public/data/TON/outline.geojson":"2393514243a7da29c692643c782642f140ad09d3dc59bac70fa35a094ee8629f","/geolayers-game/public/data/TLS/outline.geojson":"a1f628e9ee0b45032046b9daeefee4e22b2d70451eb32a11b73b6702e428fd1b","/geolayers-game/public/data/TLS/cities.geojson":"872410bdde87b0e20219d4ed93480b3392a29c774a63a700942aa990af3fcadd","/geolayers-game/public/data/TKM/rivers.geojson":"ca9b66f588567ba61ba700d71439b5bc3d2d4b1c6045e0ba0b1ead237c79a068","/geolayers-game/public/data/TKM/outline.geojson":"1d437b5bdfe8cfb800e7d588174d0e28b89038e8371a2c9d07e36f1ae4b9969c","/geolayers-game/public/data/TKM/cities.geojson":"18aacd5e4c0e55a9ef6de270221725a0796e453c0553ce8eea3d7382986533ad","/geolayers-game/public/data/TJK/rivers.geojson":"ca9b66f588567ba61ba700d71439b5bc3d2d4b1c6045e0ba0b1ead237c79a068","/geolayers-game/public/data/TJK/outline.geojson":"990a5efb55f392b11f1aa98cc13316611fc1df8d22cddbad3ebbe9fe40abb98a","/geolayers-game/public/data/TUR/outline.geojson":"26fdb581fca2fe0b55e442bd51630888bffbc99ea26ac1fdc521483f073678c6","/geolayers-game/public/data/TJK/cities.geojson":"b48d8e3680e73dcbfc70798691f8b671fd513e373f4b09dc44d4a5d5e13c0957","/geolayers-game/public/data/THA/rivers.geojson":"ca9b66f588567ba61ba700d71439b5bc3d2d4b1c6045e0ba0b1ead237c79a068","/geolayers-game/public/data/THA/cities.geojson":"c0cd574067cb7a7093453d04550047380fb0f32901265bdbed4000bd830f59cf","/geolayers-game/public/data/TGO/rivers.geojson":"ca9b66f588567ba61ba700d71439b5bc3d2d4b1c6045e0ba0b1ead237c79a068","/geolayers-game/public/data/TGO/outline.geojson":"0c0781e57e1b62a199c9ccdb4a1ca78043fb617c666842cbabe9f2a58306f417","/geolayers-game/public/data/TGO/cities.geojson":"f581d6a43bf2cc77b700ff8bee5087c1beb387b3444ad6caa88bf3d0434ebd48","/geolayers-game/public/data/TCD/rivers.geojson":"d37f94da7f852fdc01b2897e1e24e8ebb493524f8f4061338643a552b67a62d6","/geolayers-game/public/data/TCD/outline.geojson":"a555e261f0b1d05a78279be1a5516ec4f2db41df3043b0ff028704e201aa2c10","/geolayers-game/public/data/TCD/cities.geojson":"37cee048fce7b831201add8d84e720d6d3968c347218e3f18e9a5f563fbe2f9f","/geolayers-game/public/data/TCA/rivers_highres.geojson":"d8720a648fbf65de747c40e9c5df5fc5eb2b8bdf47f4100cfd993c67c11635d4","/geolayers-game/public/data/TCA/rivers.geojson":"ca9b66f588567ba61ba700d71439b5bc3d2d4b1c6045e0ba0b1ead237c79a068","/geolayers-game/public/data/TCA/outline.geojson":"01b0035c657d40194150d5702cb46199e82813bde14b958ae82327501edcd9ba","/geolayers-game/public/data/TCA/cities.geojson":"5cfa735e3b9618dedc7b7c8880117cd661b82577e67b62e197687ecf01fa5a5f","/geolayers-game/public/data/THA/outline.geojson":"855af86057e25350a14a25ee51ec2fc309a6cf45536517337c5f5ec9d9974c67","/geolayers-game/public/data/SYR/rivers.geojson":"ca9b66f588567ba61ba700d71439b5bc3d2d4b1c6045e0ba0b1ead237c79a068","/geolayers-game/public/data/SYR/outline.geojson":"e81560103a7db966d53c156b0b25446aae82e34a28361eaf68cdb4d780fc0c61","/geolayers-game/public/data/SYR/cities.geojson":"78bc601c38bd39e4de6c606fa20b3142c0a920899bea663c261fb576595a8ee6","/geolayers-game/public/data/SYC/rivers_highres.geojson":"c6b28ff66812328b04cbeab07f202e3538cc8a0e2290a247cf0b63671c7b74d0","/geolayers-game/public/data/SYC/rivers.geojson":"ca9b66f588567ba61ba700d71439b5bc3d2d4b1c6045e0ba0b1ead237c79a068","/geolayers-game/public/data/SYC/outline.geojson":"b5ecd0b8eb4c48ce718ac554d3a3bfcfbe7a736c085a362679d679e800274ed6","/geolayers-game/public/data/SYC/cities.geojson":"71b2ac14d11f1b535f2ccc7d8db2a30f51ff14f7336e28d48d63258f76836708","/geolayers-game/public/data/SXM/rivers_highres.geojson":"fe6aecd179fc9280ace83e15771def8c5fb5947b2806e4157e920ebf7078d2a3","/geolayers-game/public/data/SXM/rivers.geojson":"ca9b66f588567ba61ba700d71439b5bc3d2d4b1c6045e0ba0b1ead237c79a068","/geolayers-game/public/data/SXM/outline.geojson":"8efb618a05b099b3d8cef96a45ad10f1c6ccc42af82dfda716decc8da5f93eb3","/geolayers-game/public/data/SXM/cities.geojson":"ca9b66f588567ba61ba700d71439b5bc3d2d4b1c6045e0ba0b1ead237c79a068","/geolayers-game/public/data/SWZ/outline.geojson":"9716ec5308f53ee518d8b07d3982a72cb10dfe34e93bdd5e6a0c6e6efa5b8d10","/geolayers-game/public/data/SWZ/cities.geojson":"9fcd18cc20a385aff8354ac52ea0b624d75c14028f6f0df6726ba4ba4b384eb7","/geolayers-game/public/data/SWE/rivers.geojson":"ca9b66f588567ba61ba700d71439b5bc3d2d4b1c6045e0ba0b1ead237c79a068","/geolayers-game/public/data/SWE/cities.geojson":"72c244603fe3efd4f50936f10a022f746cfb66f152b43a7610f6ba4b8c129f48","/geolayers-game/public/data/SVN/rivers.geojson":"ca9b66f588567ba61ba700d71439b5bc3d2d4b1c6045e0ba0b1ead237c79a068","/geolayers-game/public/data/SVN/outline.geojson":"7132ea154a5a3170082e16122ca93dcd05e4d7bda179b7e9e6e7ddedf670ae3e","/geolayers-game/public/data/SVN/cities.geojson":"3852eadc911f03c3a8f5ac7de6352ff63c847f476911403289f4128f8eab520c","/geolayers-game/public/data/SVK/rivers.geojson":"ca9b66f588567ba61ba700d71439b5bc3d2d4b1c6045e0ba0b1ead237c79a068","/geolayers-game/public/data/SVK/outline.geojson":"a373db3541a7b4e866eb6dba3d48d3527e2124d9d74c47069dfcac7f33af3492","/geolayers-game/public/data/SVK/cities.geojson":"252aa72c528c2a2dd2aa3b8561f9b5fe6a8979925e0d62a2f25634aacb7f2e9a","/geolayers-game/public/data/SUR/rivers.geojson":"ca9b66f588567ba61ba700d71439b5bc3d2d4b1c6045e0ba0b1ead237c79a068","/geolayers-game/public/data/SUR/outline.geojson":"4dc602b9371438370affd7233d128e3230edb635a3650c568fb235b16f15823f","/geolayers-game/public/data/SWE/outline.geojson":"cc4b5650ae5da086c76f735575fb862117b3617e4eae016dd0ea6437f319fccf","/geolayers-game/public/data/SUR/cities.geojson":"d7220bf1c3a3cad8a5ebe28afc1a4e0b6d1e32ea4577f8656eb5e8ef16cb336b","/geolayers-game/public/data/STP/rivers.geojson":"ca9b66f588567ba61ba700d71439b5bc3d2d4b1c6045e0ba0b1ead237c79a068","/geolayers-game/public/data/STP/outline.geojson":"d8e58fc86ab4dad391612c1ab6c22ca3996c6416b5fd7a396259716ea0674888","/geolayers-game/public/data/STP/cities.geojson":"57de5160dee081179d6fa0a8a6b81f15a564e2504b800d141a849af16ec0b937","/geolayers-game/public/data/SSD/rivers.geojson":"ca9b66f588567ba61ba700d71439b5bc3d2d4b1c6045e0ba0b1ead237c79a068","/geolayers-game/public/data/SSD/outline.geojson":"d02357621fd3b435c218a70d4c71858b553bde31cb459f038458ecfcd473d97a","/geolayers-game/public/data/SSD/cities.geojson":"ee3901fa62c871e2825a6dff0665bb4f6cf870a04a84fec431c5efb857196fb8","/geolayers-game/public/data/SRB/rivers.geojson":"ca9b66f588567ba61ba700d71439b5bc3d2d4b1c6045e0ba0b1ead237c79a068","/geolayers-game/public/data/STP/rivers_highres.geojson":"6a79e59788b24a5ea128560a922a1506f1f4250826384fb098a677673ca8f2bf","/geolayers-game/public/data/SRB/outline.geojson":"fe104cf4d6e9322924c08cd16a41203cbf0dce1fd08d414af9e22a6504f9dcd9","/geolayers-game/public/data/TTO/rivers_highres.geojson":"69f108e4957f2b979e9c1f7c2661071ad1113fe147109b0e314ca7e7ed9f004b","/geolayers-game/public/data/SRB/cities.geojson":"a7b86613ad618a958f778190ff6f33691f83ced23caa095a2b9604a92e1cc7c2","/geolayers-game/public/data/SPM/rivers_highres.geojson":"3aa7480745fc7189df6701b43776ba85636fefb0df450c739b92815c041b786e","/geolayers-game/public/data/SPM/rivers.geojson":"ca9b66f588567ba61ba700d71439b5bc3d2d4b1c6045e0ba0b1ead237c79a068","/geolayers-game/public/data/SPM/outline.geojson":"49e3f046c6c38170b77910b9dc7a7b3bb0070cc5b28e270e207fb0a095deed00","/geolayers-game/public/data/SPM/cities.geojson":"ca9b66f588567ba61ba700d71439b5bc3d2d4b1c6045e0ba0b1ead237c79a068","/geolayers-game/public/data/SOM/rivers.geojson":"ca9b66f588567ba61ba700d71439b5bc3d2d4b1c6045e0ba0b1ead237c79a068","/geolayers-game/public/data/SOM/outline.geojson":"bd20961e42e4ab64254f368491ed44b24035bf81d3923bd2e4742c6da5dfdef9","/geolayers-game/public/data/SOM/cities.geojson":"bfb73453f669f50a07d19cbfa36b76198e3b08dbdfe8a9d59cac1d7d5722a79c","/geolayers-game/public/data/SMR/rivers_highres.geojson":"799ba32598f3c65b53c4e4e4782367f07311583c645461f14ae45b18503cd73f","/geolayers-game/public/data/SMR/rivers.geojson":"ca9b66f588567ba61ba700d71439b5bc3d2d4b1c6045e0ba0b1ead237c79a068","/geolayers-game/public/data/SMR/outline.geojson":"53c863766f409400b9489f73026ebdf61fb642788e249e5d39a9b59029cc7173","/geolayers-game/public/data/SMR/cities.geojson":"8f9f2664c9fd052b1cc9f5fefa535b14f622532eb5ae89f1d545a2413222a785","/geolayers-game/public/data/SLV/outline.geojson":"168c4ac3808056572c74c0ba29ced7c88c06edf66ef5568ea75f7443132b03c7","/geolayers-game/public/data/SLV/cities.geojson":"fe7924de4d8d922dc2744485f2dfe4a0ef8ad0fcd86e1d5776ca08e755ceb72f","/geolayers-game/public/data/SLE/rivers.geojson":"ca9b66f588567ba61ba700d71439b5bc3d2d4b1c6045e0ba0b1ead237c79a068","/geolayers-game/public/data/SLE/outline.geojson":"5a48caafcbf7b6eb3673a23f8aa0a27964c9dbf2610cb48bd39f83075091ca98","/geolayers-game/public/data/SLE/cities.geojson":"3f62528ea096ce3ce7c1f9a7524046096b40e1638f2fbd6289b3aedac61ff7f2","/geolayers-game/public/data/VUT/rivers_highres.geojson":"4efbbf5401942c1fc9da0aece44dd1e708a9ae1e8676f7693107a43c0fb14883","/geolayers-game/public/data/SLB/rivers.geojson":"ca9b66f588567ba61ba700d71439b5bc3d2d4b1c6045e0ba0b1ead237c79a068","/geolayers-game/public/data/VGB/elevation.geojson":"1376311747f4eab7555f87052342395608ca69b9365977c7b652d0fd2410c4cd","/geolayers-game/public/data/SLB/cities.geojson":"41b904c60dd1d70c47174af34f70ca6b8e00166ac1e4f530c3f6ab017fbfcb57","/geolayers-game/public/data/SHN/rivers_highres.geojson":"8da2076d96b83c9c793d884c84cdf646ef811ae39a0822cb1c0a26af987a43a8","/geolayers-game/public/data/SLB/outline.geojson":"22801058331d6dc89ba43fb7f80d5294959bb11c13e170c61d408bedf5db0ac0","/geolayers-game/public/data/SHN/rivers.geojson":"ca9b66f588567ba61ba700d71439b5bc3d2d4b1c6045e0ba0b1ead237c79a068","/geolayers-game/public/data/SHN/outline.geojson":"caa09551644d0abf2deef1f2c779762c0358ce50c88c90e2d500f098e99d5e51","/geolayers-game/public/data/SHN/cities.geojson":"ca9b66f588567ba61ba700d71439b5bc3d2d4b1c6045e0ba0b1ead237c79a068","/geolayers-game/public/data/SGS/rivers_highres.geojson":"4351df787e058b55686a51d3a65e7560f446a4894c2c363fe34ada93986e7588","/geolayers-game/public/data/SGS/rivers.geojson":"ca9b66f588567ba61ba700d71439b5bc3d2d4b1c6045e0ba0b1ead237c79a068","/geolayers-game/public/data/SGS/outline.geojson":"cda748ce197eead5b7b2e3f028a24b6cde1e47f9f72c4e1e2b3cb24fece655c6","/geolayers-game/public/data/SGS/cities.geojson":"38936ac15eecb783295a7930158e1716fa202dcb54bff0976978cca20b15a0e3","/geolayers-game/public/data/USA/outline.geojson":"7fadeba2b4c44e8bdefc4080772af1c48e88074a69bd4b5f4c2750a9194329bd","/geolayers-game/public/data/SGP/rivers.geojson":"ca9b66f588567ba61ba700d71439b5bc3d2d4b1c6045e0ba0b1ead237c79a068","/geolayers-game/public/data/SGP/outline.geojson":"5be88e03d0980facb59f9592297f8d6e6d7fa9fcc9ba1de440a19c9c06d812ec","/geolayers-game/public/data/SGP/cities.geojson":"19a4647ba0572cc777bcfc15fb368c9fe911b71debbe4b79af677b45cf6b0d1b","/geolayers-game/public/data/SEN/rivers.geojson":"ca9b66f588567ba61ba700d71439b5bc3d2d4b1c6045e0ba0b1ead237c79a068","/geolayers-game/public/data/SEN/outline.geojson":"d42c73c5c883e08115ef4b963de55224af64c7ded0391ebfbc3353ae013f24fb","/geolayers-game/public/data/SEN/cities.geojson":"13d9cf757c2b82dbaf25fa90889706e7315990f28653b62c4da07f460c5892b3","/geolayers-game/public/data/SDN/rivers.geojson":"ca9b66f588567ba61ba700d71439b5bc3d2d4b1c6045e0ba0b1ead237c79a068","/geolayers-game/public/data/SDN/outline.geojson":"151eb715a86714798d78ac27822a900055a951b825fc607fd2b77ab82a5832f2","/geolayers-game/public/data/SDN/cities.geojson":"00a7f16bb2291429d93370664bf1dd647de494a113e576c87415f9919b5e7d0b","/geolayers-game/public/data/SAU/rivers.geojson":"ca9b66f588567ba61ba700d71439b5bc3d2d4b1c6045e0ba0b1ead237c79a068","/geolayers-game/public/data/SAU/cities.geojson":"20991bb833c6a6a9c78a1c2a769ceb5093e12ea42b0c8905c71270c40f6fb77f","/geolayers-game/public/data/SGP/rivers_highres.geojson":"999e2d7e45933b2c3e5a8d93034d6d69ba36e1ba9f3020660d28b284ef6cf3c4","/geolayers-game/public/data/SAU/outline.geojson":"1ede23ec9aef9539db55131bf411be64f7e6463ccbaaeab9d75f18629cd7b76a","/geolayers-game/public/data/RWA/rivers.geojson":"ca9b66f588567ba61ba700d71439b5bc3d2d4b1c6045e0ba0b1ead237c79a068","/geolayers-game/public/data/RWA/outline.geojson":"307b89c9302da048f942dbd8806e0221dc617810719dd0e70ab48a40292ec171","/geolayers-game/public/data/RWA/cities.geojson":"4cb368838f355cecaff81a1361b2065a7897daf14b4a973023263fa102187186","/us_pointless_places_wiki.csv":"8ba5fe9e30fd8f827745baf38973552f4a2a5f6d98fa26863a1022f847648139","/geolayers-game/public/data/RUS/cities.geojson":"3de9bce01b23cdd77f6c8dbce185549fe14b9a858a9b466d68e8737071fa8fcd","/geolayers-game/public/data/ROU/rivers.geojson":"ca9b66f588567ba61ba700d71439b5bc3d2d4b1c6045e0ba0b1ead237c79a068","/geolayers-game/public/data/ROU/outline.geojson":"65e1bcb872c94baff941c8f9b78ba032f11dd6cfe84fb42cab9ccfdc64a8e0e3","/geolayers-game/public/data/SAU/rivers_highres.geojson":"6e428a7e736cae7b9cf2503c255e889e227b4814bdebb078485ba4cdc26f208f","/geolayers-game/public/data/ROU/cities.geojson":"2acf7cd97ebf4615422be86db52d13f7fb74e4df1d53feb85b2f53f8a300edda","/geolayers-game/public/data/QAT/rivers_highres.geojson":"20c82697ca7fcc79308f615edb94ca09e5bbb80211243d79fe23b9af8454cbf9","/geolayers-game/public/data/RUS/rivers.geojson":"5162b4abfc03262d2cc9d5641cbee51d3ad9a616a4c1eb92faf065392665f727","/geolayers-game/public/data/QAT/rivers.geojson":"ca9b66f588567ba61ba700d71439b5bc3d2d4b1c6045e0ba0b1ead237c79a068","/geolayers-game/public/data/QAT/outline.geojson":"91629e0f408a632bbde4bd6e2122cdf40dd377a7b88facc3a6d77d565b2d078d","/geolayers-game/public/data/QAT/cities.geojson":"cbc2edc69ea3ae16e4a270240699413f3ffc9d2a116c63a20252a3d5f27cbe1d","/geolayers-game/public/data/TUN/rivers_highres.geojson":"629fbd440dfbd7b94569781ac0cb486187509e7f2156c74e7f10b1e2728b4fb4","/geolayers-game/public/data/PYF/outline.geojson":"5c7687e7a49bcaf3b2a5530fc81f88234962e629faaa57cda2035ff7300b7fe0","/geolayers-game/public/data/PYF/cities.geojson":"7b4ba10f3df44d8f9313f0655c7d865420ad80d313e33e90c9beb627f76cc794","/geolayers-game/public/data/PSE/rivers_highres.geojson":"f2f83d3167427189c4c4c441a02bca63e5bc146cef3dfbb036445b9fd2a19287","/geolayers-game/public/data/TLS/rivers_highres.geojson":"2cb7d7ef6a6c2289cd39efe32db75b4ee0d1b201c6aa06b94c51d69ce4558432","/geolayers-game/public/data/PSE/rivers.geojson":"d4e80dcc294bcdd7a85aa95282f5b6a872002fc2140e7c7305cdadc5ac973511","/us_cities.json":"ebace7a945be3204ff0ff58ff7899dd5d55e5ef322d4c1070c5d2d12adf2ee3a","/geolayers-game/public/data/PSE/outline.geojson":"e8249c4e34181de8eabe0b89ac007c80a833e0d42c1c9378226d7755a0e38daf","/geolayers-game/public/data/PSE/cities.geojson":"ca9b66f588567ba61ba700d71439b5bc3d2d4b1c6045e0ba0b1ead237c79a068","/geolayers-game/public/data/SWZ/elevation.geojson":"0af5b5b2e9414fe97bea296e84835e5bf4aed5e4efa279057e29b20e3038bcb1","/geolayers-game/public/data/PRY/rivers.geojson":"ca9b66f588567ba61ba700d71439b5bc3d2d4b1c6045e0ba0b1ead237c79a068","/geolayers-game/public/data/PYF/rivers_highres.geojson":"03f16c729f3b7c2545153a4a8c5a47793027d95a103511342e7d667441fb0424","/geolayers-game/public/data/PRY/outline.geojson":"1dba44c73636d799c98d82075fea1b54a96d0cedac6e7e8946c7399d429f3d43","/geolayers-game/public/data/PRY/cities.geojson":"18009d70ae0a75a67704418a5e4396d068269231e41d06bd1ce4bdbae0062e68","/geolayers-game/public/data/PRT/rivers.geojson":"ca9b66f588567ba61ba700d71439b5bc3d2d4b1c6045e0ba0b1ead237c79a068","/geolayers-game/public/data/PRT/outline.geojson":"2b8dc7686cf931495856d041f6778653da723a33ca1f4bc7a7ae0422ac3c06e8","/geolayers-game/public/data/PRT/cities.geojson":"0fd4dba7e6aee57369efd2dfc242e8a83237bef25ccde75801ec9c1fc29a8eb1","/geolayers-game/public/data/PRK/outline.geojson":"b9485857a76ed1201bf91470dd7bbfe2bb555719e88bb497c1436d251fd0a845","/geolayers-game/public/data/PRK/cities.geojson":"9dec7471c40f305a07d0e63330295ea6b12c67c448ed7ffc2902473f4e246aff","/geolayers-game/public/data/PRI/rivers.geojson":"ca9b66f588567ba61ba700d71439b5bc3d2d4b1c6045e0ba0b1ead237c79a068","/geolayers-game/public/data/PRI/outline.geojson":"e78820da269f0404856128fdf420699fe5483b580ec4cff37bb97cf338b8763d","/geoscore_questions.json":"37a6f167acf7846e2d6acd55b38fa0269e2db950be08238278acc10ac550f091","/geolayers-game/public/data/PRI/cities.geojson":"4d27bb27af13042d48c0f3c55d09d30f0d90293566fc99e596fa3242a2e6d9ba","/geolayers-game/public/data/POL/rivers.geojson":"ca9b66f588567ba61ba700d71439b5bc3d2d4b1c6045e0ba0b1ead237c79a068","/geolayers-game/public/data/POL/outline.geojson":"1c42c0dfbffaccee4b5ce1fd7535ad523bcf23164782ccc39385db382a99fed5","/geolayers-game/public/data/POL/cities.geojson":"d0fff7d85b2f9032d07266232228e4855cf9e7dbeef4bbc7d0f4ed7520869d6f","/geolayers-game/public/data/PNG/rivers.geojson":"21f6cd756bd03df1ff59a34cb62f0385b7ca47c13d3a09dcb96f751d6faf44c1","/geolayers-game/public/data/SOM/rivers_highres.geojson":"b5389d29e70c62a47e6a3224f7a25dc10c89c41228876fc0aebb1fd7f4c4e45e","/geolayers-game/public/data/PNG/cities.geojson":"ecc301767cc61563fb22a6797865cd5d8cff700a8b21480262b86e301a415202","/geolayers-game/public/data/PLW/rivers_highres.geojson":"0b21b875db09e7b8007be6871746fcbb566e93b3aab59b90e0a587591f99c37f","/geolayers-game/public/data/SLB/rivers_highres.geojson":"044875441bf926551ef344cd082ae9a7c29b6097a279f40e9e55c1313179828f","/geolayers-game/public/data/PLW/outline.geojson":"dc2662b81776e07964650655d8926b9f2ca814daed8ea228ae67f72347ee4a1d","/geolayers-game/public/data/PLW/cities.geojson":"f6d8238c3900210ecc7cbb264d4b9dcda273b80c4e8b4bbbeb9b4e205bb8cf08","/geolayers-game/public/data/PNG/outline.geojson":"1535d972034e78f1330ac359f481ea906694a04adcda93f27e291bc7fc3b4be7","/geolayers-game/public/data/RUS/outline.geojson":"b9b48c1e51d6900f8f4969c668b706b659afb4910412d5d87a38551a843cdb56","/geolayers-game/public/data/PHL/rivers.geojson":"ca9b66f588567ba61ba700d71439b5bc3d2d4b1c6045e0ba0b1ead237c79a068","/geolayers-game/public/data/PHL/cities.geojson":"67e43ba7cca46b5d61e77758079b565b58a1d0e922edcc9c1960bc81d5660fa2","/geolayers-game/public/data/TLS/elevation.geojson":"bbea8768da82a226a5604b803a2911fbe86a8b0fed56f686cd0de915acca4f50","/geolayers-game/public/data/PER/rivers.geojson":"f3dea51e9fdb55df40453a53f63fb9650ab980cf4cee4c60cffbe58d49d25c5b","/geolayers-game/public/data/PER/cities.geojson":"43a926de36145c4bbbd23a5fd4062b3ef85a317d55d0aad1736d2f0093244053","/geolayers-game/public/data/PER/outline.geojson":"d9601f2d8fc39ed6c53a71dc17920a1a857b0d9d7e96e695a43ceb165d79e929","/geolayers-game/public/data/PCN/rivers_highres.geojson":"ca9b66f588567ba61ba700d71439b5bc3d2d4b1c6045e0ba0b1ead237c79a068","/geolayers-game/public/data/PCN/rivers.geojson":"ca9b66f588567ba61ba700d71439b5bc3d2d4b1c6045e0ba0b1ead237c79a068","/geolayers-game/public/data/PCN/outline.geojson":"6bf304ae3585fedd5954faad06de9aa055393ed69d0ff40a558e0a6f8e96f3ad","/geolayers-game/public/data/PHL/outline.geojson":"909e1302a7fbff397ee86991a41ebfde8e939c820129ee7d125ca2d3d968965b","/geolayers-game/public/data/PCN/cities.geojson":"ca9b66f588567ba61ba700d71439b5bc3d2d4b1c6045e0ba0b1ead237c79a068","/geolayers-game/public/data/PAN/rivers.geojson":"71dc1bf5e56106eb62f9dc588ce90f2fadbf0a6ef97b7c34bb411ce7cf72b821","/geolayers-game/public/data/PAN/outline.geojson":"b42034a4a0ba31c0bf66999e6ac814ed6260c957a5dda4572b7e961cdd8f6ea1","/geolayers-game/public/data/PAN/cities.geojson":"9650e46488515b9c700641f89660e3894ec9b2ce38fe55b929295ee73ce2038b","/geolayers-game/public/data/SWZ/rivers_highres.geojson":"3581077bf1fbe187ad4548280e288fe8e4f9b37835f16b4d811236bedbb454d5","/geolayers-game/public/data/PAK/rivers.geojson":"ec723652efb43d353c8f8f54b0e20268f72a892db69f5f5ca3b753a227928502","/geolayers-game/public/data/PAK/cities.geojson":"54e14d8c85041f8e6593e126e30d394cbb4e2571c8d1780287d2888c66894a28","/geolayers-game/public/data/PAK/outline.geojson":"2dee09daea7aac94b5617a9c58648cf10a8e4d079326605f92d16587612c7b86","/geolayers-game/public/data/OMN/outline.geojson":"7d78b6e4dda9a6fbf56b10cfc2713f749780c9639954aabefb56b5660bc724a3","/geolayers-game/public/data/OMN/cities.geojson":"f3fd51633e9104e9e7e512c008adb7e88ac9fd39c1a57a12bf5d3b2159f6a822","/geolayers-game/public/data/NZL/rivers.geojson":"e9a930b3c060bb55f87f84ee71adbe12efa876ce8b61c63491e988ddbc75992b","/geolayers-game/public/data/NZL/cities.geojson":"f0d33c2292edb4fc1d2b937b9981cffee188a8ba27e4cbba08d577fa00910b59","/geolayers-game/public/data/NZL/outline.geojson":"23ce1d3b05d17adad05b43d085e25097dac5fa890b5856e4bbedb9b927f4692a","/geolayers-game/public/data/OMN/rivers_highres.geojson":"384df6111d460441ec7a7f91814e18c67473fbb16c8bbc1383d7f86e9f19bd0c","/geolayers-game/public/data/NRU/rivers_highres.geojson":"ca9b66f588567ba61ba700d71439b5bc3d2d4b1c6045e0ba0b1ead237c79a068","/geolayers-game/public/data/NRU/rivers.geojson":"ca9b66f588567ba61ba700d71439b5bc3d2d4b1c6045e0ba0b1ead237c79a068","/geolayers-game/public/data/TGO/rivers_highres.geojson":"aeb0d7b2368d2ec8906d9273f5ddc3903b0c475b25f7f4288c44ca88c128b742","/geolayers-game/public/data/NRU/outline.geojson":"7d5b3a9e2a0e3ac493fc929bb96af7f628932dbdabbe3b39cacdac3edec70363","/geolayers-game/public/data/NRU/cities.geojson":"ca9b66f588567ba61ba700d71439b5bc3d2d4b1c6045e0ba0b1ead237c79a068","/geolayers-game/public/data/NRU/elevation.geojson":"4584812bf9107566a2846b4ab92145b9a0c0b9f28ac53e9923d4354050421198","/geolayers-game/public/data/NPL/outline.geojson":"3897921d36e3806a0f670d3c1e66d071179310c690f879619fb4440e42e99b6c","/geolayers-game/public/data/NPL/cities.geojson":"4294f1b9fc4be8ec38cbf69b5f4aeea7891cd23086b577f4254e0aeeeb91eed6","/geolayers-game/public/data/NLD/rivers.geojson":"6a017a6f82dcaf538ef8b98a5f1ba02501a1c773e0040f5aa01597e0221306b7","/geolayers-game/public/data/NLD/outline.geojson":"48d635b69867216fbbb1832d4117409aa91e0966fad9e3d67236dffc64b278e1","/geolayers-game/public/data/NLD/cities.geojson":"1456f05dab13d28e7dbe5edf4e67bdfda36525fc2b4492f8128cfacfce5b6e12","/geolayers-game/public/data/PRI/rivers_highres.geojson":"82057b621347189729172e00fcd3318b1138926b61e0df67660ec41e78456d71","/geolayers-game/public/data/SLV/elevation.geojson":"5405bb72fcd54c98aeffc229a305fa9e4d0ecea05027ea10c69f0b4a8a4db150","/geolayers-game/public/data/NIU/rivers_highres.geojson":"ca9b66f588567ba61ba700d71439b5bc3d2d4b1c6045e0ba0b1ead237c79a068","/geolayers-game/public/data/NIU/rivers.geojson":"ca9b66f588567ba61ba700d71439b5bc3d2d4b1c6045e0ba0b1ead237c79a068","/geolayers-game/public/data/NIU/outline.geojson":"f6fa0f5b3ebc3bd2e64d19167747c53058541996e62f1853538e28b467829131","/geolayers-game/public/data/NIU/cities.geojson":"f5607da0ba85e5372f737cb2c92b0a44a2baaea22cd033e90203e1ae02663822","/geolayers-game/public/data/NIC/rivers.geojson":"4ddfdc49d82d01358f70e9fa1d7746b224befd15363da970c094a35fc52e1605","/geolayers-game/public/data/NIC/outline.geojson":"f44cab37cc37a512d506ba1c27c0decfbe3a44728008e13b787e6071401e8285","/geolayers-game/public/data/SLV/rivers_highres.geojson":"d03a22d9f8a3240fd11437e22168709358cc6bd4d1ed4e6e40b42c9b1eb31208","/geolayers-game/public/data/NIC/cities.geojson":"d7e46fa7ed58d35285abb0f7af46d4fee9d86144d0bbbe236737c836ecd7e839","/geolayers-game/public/data/NGA/rivers.geojson":"51ddb26d2969275a610b20c3159148083c2713b283fafd890d58ea0906b9d462","/geolayers-game/public/data/NGA/outline.geojson":"5a963c3345e1a7237975ff2c297bbc0978c95ab6ccd5a82bf7ff3be4bc0f70b4","/geolayers-game/public/data/NGA/cities.geojson":"ab6c7166af881a29e5d54eb101e4bf2d16734557d5acb589189f93c913e4899c","/geolayers-game/public/data/NFK/rivers_highres.geojson":"ca9b66f588567ba61ba700d71439b5bc3d2d4b1c6045e0ba0b1ead237c79a068","/geolayers-game/public/data/TCD/rivers_highres.geojson":"3d712e3483aa962bc09508e4cd53e6ccdfc7accc1f78431a9b1238b3aa9efe4a","/geolayers-game/public/data/SLE/rivers_highres.geojson":"5a7f997d706a410ede8918cd6f9acc8e1a7aef2e2cd0a39e191da40eaeec716d","/geolayers-game/public/data/NFK/rivers.geojson":"ca9b66f588567ba61ba700d71439b5bc3d2d4b1c6045e0ba0b1ead237c79a068","/geolayers-game/public/data/NFK/outline.geojson":"33aa8674416bdaa260eaca744292e8d95a18837d0fb7d1ae08e93b99b0cc63b9","/geolayers-game/public/data/NFK/cities.geojson":"ca9b66f588567ba61ba700d71439b5bc3d2d4b1c6045e0ba0b1ead237c79a068","/geolayers-game/public/data/NER/rivers.geojson":"103a6860d76dcbe77afaae9481f71352f401fdc04f4a82ee84fc0b535a71aa46","/geolayers-game/public/data/NER/outline.geojson":"35a9614952b667d88bdbb266276e1ca99ae545193477e2dc643a137869667a24","/geolayers-game/public/data/NER/cities.geojson":"8390d3e4be57da196c4e3b906c993166b5498525961f7b993198a3764e5b9459","/geolayers-game/public/data/RWA/rivers_highres.geojson":"b8aef6b6ab4b6a79f58b12020326e7b383725f8e4d5385cdbd74887b4534260d","/geolayers-game/public/data/NCL/outline.geojson":"c54f417f1b2acb39c9a22d4c4d075406a7a3b9549c69f46223203e8f18f3cec2","/geolayers-game/public/data/NCL/cities.geojson":"7da0e25a236e79c1bf75589d6c888532ea444d005a1958038c904cd0755713fb","/geolayers-game/public/data/SVN/rivers_highres.geojson":"f6f6d9b32d4fe4bc8902cc9c5914706578ec1dcfd98f65ea2d126c83545ab8f2","/geolayers-game/public/data/NAM/rivers.geojson":"5651dc282de1ba22a5408cb71f02741b0f4548fd93fea5c655acb4fe0cdd0469","/geolayers-game/public/data/NAM/outline.geojson":"70e5e9ac9a1cc5e58335870299a6f78fec15d2e136c735da01b2b2a12a32c6c1","/geolayers-game/public/data/NAM/cities.geojson":"b3545fb3e9c0a86054ee473c4cfafe3c522eb79ae34c9a08985e32e863ae136a","/geolayers-game/public/data/NER/rivers_highres.geojson":"a00a8f379d14741f8d7ccb4e7e0ace4213c7e7de3401fa3918fd8b1be3ef96ad","/geolayers-game/public/data/MYS/outline.geojson":"b5cbe1cf5347ed2fbc5f1242d585e3b964abf66447622b0c80c7ec9870a96a72","/geolayers-game/public/data/SEN/rivers_highres.geojson":"f418f46159fae87c4345f9ab2573bd30bb226f92e4d8f95b413e16f36703a307","/geolayers-game/public/data/MYS/cities.geojson":"d2f5f14db5aa3d22dedb536ffb0ef9170dc8709cc72243836ce85445619518e5","/geolayers-game/public/data/SUR/rivers_highres.geojson":"f7669be4dda957f1db5349acda7f8cee3c7b6ad2869c9cca307f29e07d2dd7e6","/geolayers-game/public/data/MWI/rivers.geojson":"34df7d669a13d3ce782d9b3adc5673c3e154fdb3d9437e27604a88545b5a8c5d","/geolayers-game/public/data/MWI/outline.geojson":"62dedaf53371a52d6f4ad94f35eda666e959bed056a15c8d9c9bf303825cee0d","/geolayers-game/public/data/NCL/rivers_highres.geojson":"e383bf251f68bbf885aa97555002a9e2b1195833499b9e8d9076833716b03624","/geolayers-game/public/data/MWI/cities.geojson":"efdc461d79855cbde35e558a099f519a163ff9033fec88692030b555ad64ec2e","/geolayers-game/public/data/TKM/rivers_highres.geojson":"740f5cd3f16de5e0fc8e0ce8953ff6bcf83f85b818cb264897f7bc7aca0b1e1e","/geolayers-game/public/data/MUS/rivers_highres.geojson":"cf91a791fdd422341d933c9d8278f2a6ba8940b60f846a5174b988ab4e95d4a2","/geolayers-game/public/data/MUS/outline.geojson":"3fa0e0016edf246828e24c90fe747a7a3a756c6d8d7d27c22cea94f3ea78ec2e","/geolayers-game/public/data/MUS/cities.geojson":"369dd3a9a570d1867e6584cbcc9e9cd382b0bd33c03b7f57630bc4e146089afa","/geolayers-game/public/data/TCD/elevation.geojson":"de3b3bb5322e22331d86e09ab1b5513da6a2c1dd2b8c0e32087167a63a9b673e","/geolayers-game/public/data/MSR/rivers_highres.geojson":"22ff9dcdbb3676faae1d89bb1add72caa7952680d72c1e79c207d87af7a792c8","/geolayers-game/public/data/MSR/outline.geojson":"87f54763add5d2314f8e3b59710d1d44396d2a3b69b8406269013a1da70f7a68","/geolayers-game/public/data/ZWE/rivers_highres.geojson":"a402b359e0476509d2504657343b8ed69736ad147699ff61f9a709985350b4d4","/geolayers-game/public/data/MSR/cities.geojson":"ca9b66f588567ba61ba700d71439b5bc3d2d4b1c6045e0ba0b1ead237c79a068","/geolayers-game/public/data/MSR/elevation.geojson":"d09e06ec1e1ae97656db3b5d94828c712b5f928cf6ac30f729ca08ca71d7e1b6","/geolayers-game/public/data/MRT/rivers.geojson":"19abfc3a6cfeb031d3b85c29d4d470711cdef86d725f9fe7b089e3eca1b06ee8","/geolayers-game/public/data/MRT/outline.geojson":"cd537eff3d4a2fdf567509fb791dc7e5a5d435421d0f121b30728734d86ff75c","/geolayers-game/public/data/MRT/cities.geojson":"e9684e18d4124a1c1c73e218aa3575cc90e1d183408776872e39ee69669fd7df","/geolayers-game/public/data/SDN/rivers_highres.geojson":"a252b26f7909c48cd2f715a335b269dbda4868d198f9602ed58cbc09cf7be6f3","/geolayers-game/public/data/MOZ/rivers.geojson":"2b70b077ff272af3f1e64c02cd1f652ca0536193659b50b9c4ba7bb5c2131828","/geolayers-game/public/data/MOZ/outline.geojson":"2353619fce741232555eea04174099bd871a9075775f2285ee4b4b0eea5a3a2f","/geolayers-game/public/data/SYR/rivers_highres.geojson":"0959d2843cf3dfd33442cef0970576b64f2c8f87b56b23a2e4a5de4c12936e67","/geolayers-game/public/data/MOZ/cities.geojson":"24ed2c067b1a159a525ddc0baa5265bfb8c6085b33323f554c3e681d98f2b230","/geolayers-game/public/data/MNP/rivers_highres.geojson":"bec1c60560b9dade75073c0e191945371de97e89d59b9c4c78c1e70cf87dd9c4","/geolayers-game/public/data/SRB/rivers_highres.geojson":"83b3660291d5aa3b5fa89052d97555461d2c4269aecffcbed8fff2aacebebbe9","/geolayers-game/public/data/MNP/outline.geojson":"885fab155707418b00df8bfb66d7fce223f695178bfe0def5adead855ae0d3b6","/geolayers-game/public/data/MNP/cities.geojson":"8a095ce0e5f6df7393f709df1d63d5a191176c3ffc8ff60d559403f17027f53a","/geolayers-game/public/data/NCL/elevation.geojson":"9d251b360aa5b96108ad07e6630a8778ddde081f8247e4b836d55f69a6701465","/geolayers-game/public/data/MNG/rivers.geojson":"8fbb27a48b2391cc9e068befda90bbc7f5e8a7f19b675b81deb726233ed680ea","/geolayers-game/public/data/MNG/outline.geojson":"86686d0a6ca39cf2ebda5236035d3eb4a810d45aec2c80b15992bd840cd6cd76","/geolayers-game/public/data/MNG/cities.geojson":"bc1406db33fef94863b35bb89baa4476327b33a0b166d5c95f47af6a192c3d53","/geolayers-game/public/data/MRT/rivers_highres.geojson":"7ac8381e657b36ca38a3252dd4e1ad3aa54e7157d069c7dfdba8894191ab7725","/geolayers-game/public/data/MNE/outline.geojson":"fc96a7650f2775089d4f54d4f75cafd7716a4dcefb406692d1271d334baaafcb","/geolayers-game/public/data/TJK/rivers_highres.geojson":"64c262d50b4952763881a0cb41a43667ea7af084a96e1de54d05a0ddac557b6b","/geolayers-game/public/data/MNE/cities.geojson":"c166cf94c63aff8add1ec1726b2c93b2bd1c1181dd82ed4f69da31001064e920","/geolayers-game/public/data/MWI/elevation.geojson":"cff1b0206b243f075e8692efdccbf61cfb73eca9bfa3c776b09ed799750d410a","/geolayers-game/public/data/NAM/rivers_highres.geojson":"40e821b3e1736617e9c6349c347405cf395d66a18ee278fe90c3a3bcb8cf3736","/geolayers-game/public/data/MMR/rivers.geojson":"d6a537ee6088dca4ca9096ff564ee2dc3ec663e2ee8728e569562f9b38511939","/geolayers-game/public/data/UGA/rivers_highres.geojson":"12113d43979cadbd6c9b91b46ed2f7344e8a2c17a0aae71be6fb10b69da2e173","/geolayers-game/public/data/MMR/outline.geojson":"50150aa1556622dc0cca24593413757604a909063a9803f8ff72163f0e55813d","/geolayers-game/public/data/MMR/cities.geojson":"6214f7ce45db8294041b38e25bb4940282344ad9c61e38c01f067260fd7d5020","/geolayers-game/public/data/MLT/rivers_highres.geojson":"46b807b812ecdfb68e70a78d148e64179746740387c90e0b809b9f6d61f6e5d9","/geolayers-game/public/data/MNE/rivers_highres.geojson":"06720d32ec94ce853e958b416c6b38d95db72a0cc0483baff489488d7fb810d2","/geolayers-game/public/data/MLT/outline.geojson":"f4f2af1a03384ac9a5f7eac2ddbedf9db53cd4a46b1cf159268d2a08b0976859","/geolayers-game/public/data/SVK/rivers_highres.geojson":"a49572abaa79e3e89bde9790b5205de41231c89afd85c8e055a7017b894717f0","/geolayers-game/public/data/MLT/cities.geojson":"49396fd3c0e7b381574510d124dbec30c90a15d38b59f312197d28f2260fee0a","/geolayers-game/public/data/MLT/elevation.geojson":"342a131ef37a244402ca6200ab9e60420fa5b05c70ca09eaf1edd58b4e49f7f8","/geolayers-game/public/data/MLI/rivers.geojson":"c90b2b91ab0d21d423badbfac2cb4902ab0c019b5d9fb57ddd9a4c24db1a214c","/geolayers-game/public/data/MLI/outline.geojson":"4e99627408838d0b09876393f16ca32b0ed2700668d6865c43e053b2bcd3d15a","/geolayers-game/public/data/PAN/rivers_highres.geojson":"66d2f84d778675837ef51eef18bdb4b6d1b839d12b025e3cd52212aeea17b89e","/geolayers-game/public/data/MLI/cities.geojson":"4922996bc7909ef9650d1c950e626a185a0ac64f566b86ab95242d3e30ee113c","/geolayers-game/public/data/MKD/outline.geojson":"a39be5410b2d537e54e15504150b67c53bbc932c9a80c5dc33a886368513ea1f","/geolayers-game/public/data/MKD/cities.geojson":"efaede1dd02b4e7bab4fa85f4951153de891cecf90a8219307702459ee5b30f8","/geolayers-game/public/data/MHL/rivers_highres.geojson":"ca9b66f588567ba61ba700d71439b5bc3d2d4b1c6045e0ba0b1ead237c79a068","/geolayers-game/public/data/MHL/rivers.geojson":"ca9b66f588567ba61ba700d71439b5bc3d2d4b1c6045e0ba0b1ead237c79a068","/geolayers-game/public/data/MHL/outline.geojson":"13f0a375647a46feabeb2e92e660dbaa45dc03da1e81c85b06437e5a064882ea","/geolayers-game/public/data/MHL/cities.geojson":"08815a0dfa0409dd20f2016a0758fc71e3e0c9a29c8f646f5bd08db16cca8d78","/geolayers-game/public/data/TWN/rivers_highres.geojson":"fe4a657e83753bc1fd7b9c9992326b4d46cd2c6622c15767be7b7fb68c5ec7e0","/geolayers-game/public/data/MEX/rivers.geojson":"c8d8b0992e9a813efc60fce5f72535903bbba5579c095b5cdc7e2fcc303ec8f5","/geolayers-game/public/data/MNE/elevation.geojson":"0a4d5373d0e3eee78964efc78a6aaa507eab31d17564f6b843d48c56190cd1fc","/geolayers-game/public/data/MEX/outline.geojson":"6df10cf87f70ec9b4022e55527f3303b26d23e0ffab539b28aaf412ebf9f3a60","/geolayers-game/public/data/MEX/cities.geojson":"0fcc61f470621b1ca6c7832cbcdac9ae268e1d5530d41f9f39fb565eff850e7d","/geolayers-game/public/data/SSD/rivers_highres.geojson":"ff769c75b76cfa847dacb2c63fd5d20644d53a8af4abf607b88a53d96def21ec","/geolayers-game/public/data/MDV/rivers_highres.geojson":"d90cdf817e18f643aaff22e9c6c4f56a6f42b99bed73f2b799617e6dd4f004f2","/geolayers-game/public/data/MDV/outline.geojson":"e98866f8e749618f41c2c068ca9ac4297feddbdf3d7876ecdfd80bbda7a3c8c1","/geolayers-game/public/data/MDV/cities.geojson":"66a5910400678fb8889ca1030e44510d8b2fb47af9896aa9034948029c7001b5","/geolayers-game/public/data/MRT/elevation.geojson":"4edea9012a7c6ee67f49c01e7e3a8ffd5c0d6e3c0945181ad6f847bca71cb8c7","/geolayers-game/public/data/PRT/rivers_highres.geojson":"2c3ca1acd6dbba95354d5e6593ff3bee610c6704831a12c73dc811d6a561ae84","/geolayers-game/public/data/MDG/rivers.geojson":"338ad55405d85945e81b4e62d82c76dc079286369d69015a1e85797222399dc8","/geolayers-game/public/data/MDG/outline.geojson":"5365901d94d0543def1dbf23b965795ba88835a3dc6b113a332b1879c25f3423","/geolayers-game/public/data/NLD/rivers_highres.geojson":"43e884a7caed1e310d3eb8a4d77ff33592adf731b3bbdbb73ce791c8ca197134","/geolayers-game/public/data/MWI/rivers_highres.geojson":"98c741d5699f13e06b2b00ef0b40f5fe36ad742465e6705e8c65c639b689820b","/geolayers-game/public/data/MDG/cities.geojson":"eafc3bba1f15d9a41173ce72b4cb18488e9a71d0c8e077584ee51452fbcff0f1","/geolayers-game/public/data/MDA/rivers.geojson":"3b21318f2902e865b06c27e95cb7fb1a1351b670434cc545f88032877080da78","/geolayers-game/public/data/MDA/outline.geojson":"bb78bdda897b1f4b3b9651db4e2778e5920957858ee694d2b685140b0e3d20a2","/geolayers-game/public/data/MDA/cities.geojson":"bef5cdacd08db27d24a2a7034b953e14468f6bd992827da032fb074d6211f943","/geolayers-game/public/data/MCO/rivers_highres.geojson":"ca9b66f588567ba61ba700d71439b5bc3d2d4b1c6045e0ba0b1ead237c79a068","/geolayers-game/public/data/UZB/rivers_highres.geojson":"8ecb61bc0061b46e4ca16055d5ef956d5c4a2d8cf0b7ed628cbd24e3425573e6","/geolayers-game/public/data/MUS/elevation.geojson":"1511c80155c0d3a2c62b3f4851349d1f94a89074fca7d79de0842c2d898e2f2a","/geolayers-game/public/data/MCO/rivers.geojson":"ca9b66f588567ba61ba700d71439b5bc3d2d4b1c6045e0ba0b1ead237c79a068","/geolayers-game/public/data/NAM/elevation.geojson":"0176bfbf942f7ae1058efb6b9ae3c825fe0b89843980f62c8d5af3d354a7460d","/geolayers-game/public/data/MKD/rivers_highres.geojson":"2d42f19e70eb31f6864177aa35d00b38b32195a5db2a7c0397283be71c0f4025","/geolayers-game/public/data/MCO/outline.geojson":"2a287431e23857cbe7f1458e3a97f54ac7fac5eb52dd4b713d8cc9ac4f728158","/geolayers-game/public/data/MCO/cities.geojson":"5a0e296e6edd8944d7bca621d1f6f8dbed1df59c38677cbbd9e0ffff5347c280","/geolayers-game/public/data/MAR/outline.geojson":"88b37333c5e14100c3f2873a141801f5486cf10def002970c9b1ccfc3b714566","/geolayers-game/public/data/MAR/cities.geojson":"2c821f8070420f9a068b642b3d226dbb8132f050c67d5848438035d3b9b31440","/geolayers-game/public/data/MAF/rivers_highres.geojson":"914ecb636e55d900daab6a5d91a0d6029616e3be62fdbd590ff105830b27adf4","/geolayers-game/public/data/MAF/rivers.geojson":"ca9b66f588567ba61ba700d71439b5bc3d2d4b1c6045e0ba0b1ead237c79a068","/geolayers-game/public/data/MCO/elevation.geojson":"4ec00949b36854f00ce826323e2a81df76991d747114e42d3906932c126534b3","/geolayers-game/public/data/MAF/outline.geojson":"e3cde28bd4624665201fc7f1380339aaa33d644735cb9fc859a899160a267e11","/geolayers-game/public/data/MAF/cities.geojson":"ca9b66f588567ba61ba700d71439b5bc3d2d4b1c6045e0ba0b1ead237c79a068","/geolayers-game/public/data/MAC/rivers_highres.geojson":"829cab6dc6162ee22c7794aa5fa64e10978cbc83c26d1a9068d43ec0efa7ca99","/geolayers-game/public/data/MAC/outline.geojson":"5ab07a774cd3b2f684d2f66147a96ccfb38a9b72a5b69e6acba8542f0ec9139b","/geolayers-game/public/data/MAC/cities.geojson":"169d72b6de8d8b4ff525c8869ff6d2833718d7c9e4457f0628c613ecfd7bfcc5","/geolayers-game/public/data/LVA/rivers.geojson":"ed0f992975395e3a49da26e122a68ddd60d6a72724f387f97f11d60dce90f251","/geolayers-game/public/data/MLI/elevation.geojson":"0bbd357ec1ae2fca784bb837db07e32fa691e0db39bb89ffad64e9882fd8314c","/geolayers-game/public/data/LVA/outline.geojson":"92daf14910f354291ccb369f63611345b92bf77b1d968a60bc06f1a6c39459d8","/geolayers-game/public/data/LVA/cities.geojson":"98481f6099b402b032b90281a2efc11f6de9f5d68f3429ef767ecf67a6e33c74","/geolayers-game/public/data/MAC/elevation.geojson":"8ae01f26a9a8eb2c1f475778c02ed3961ac3cf4f5788af0d1a4e099c06204a67","/geolayers-game/public/data/MDA/elevation.geojson":"03f70ab52b10413c6a6860553c96619255a813807bab75cff8347913391bf974","/geolayers-game/public/data/MDV/elevation.geojson":"48d9c0c2cd0c69c5afa51d52a18efc2aed02e9860f735c46f0857fa9dd849b44","/geolayers-game/public/data/LUX/outline.geojson":"7dacdaf626ccbdefbc325c06a249f0b0b9bdb1064781ac642134b392bcda8799","/geolayers-game/public/data/LVA/elevation.geojson":"6872fdaa9b1c9b099a52ed96f51a67933c0851afb075e1039fbfe82348804632","/geolayers-game/public/data/LUX/cities.geojson":"63ad9a3f6f8a392cb1ada8ad6ec08ec1b84872a8115ae518295a8e31cef6f324","/geolayers-game/public/data/LTU/outline.geojson":"650074d4aad74bd1e93ab2c179ef5a7bf89f3d7c9503861c10e11382a418a64f","/geolayers-game/public/data/LUX/elevation.geojson":"2fabdba689adb16e4200f4703e4e885d0c6a9594620775aa58d12ce32304180c","/geolayers-game/public/data/LTU/cities.geojson":"a30ac1a3efac6f1ddc6d1a704e64acbed75da327ad39c0ca57d90547f5a27f81","/geolayers-game/public/data/LUX/rivers_highres.geojson":"d0418c1c7c6d4f19eeac2ca3c60e2b3be151082780bdd15ee5598275892b671a","/geolayers-game/public/data/LSO/rivers.geojson":"6596efda2f3d3d20097396bc21f135385580d130f518b8d934f2f9a6018caa94","/geolayers-game/public/data/LSO/outline.geojson":"3292b3271ac364102eb82f44163e547d08a1f3ac4604b0e131ed785d4650e56e","/geolayers-game/public/data/LSO/cities.geojson":"2a7054bf8f0d5f5d4d267005c2565ce2d470665110ea076bdc7b618cb491372c","/geolayers-game/public/data/LTU/elevation.geojson":"bededcf67c379f81193d93cfe65ae145d6b68756668a42b1a59b35e38779f42d","/geolayers-game/public/data/LKA/rivers.geojson":"ca9b66f588567ba61ba700d71439b5bc3d2d4b1c6045e0ba0b1ead237c79a068","/geolayers-game/public/data/LKA/outline.geojson":"e3e12e492a1a3d861520090b397161f2f139423a0305195373b77fcc0b7665a6","/geolayers-game/public/data/LKA/cities.geojson":"38385955fcf5c155979076f0a88f6849ca69a44c60dd0e576cecad68cb7816a1","/geolayers-game/public/data/PRK/rivers_highres.geojson":"957820dd38620cd57a4830b65f07c603adaa04fa3032208a3f405a62eeb6e471","/geolayers-game/public/data/LIE/rivers_highres.geojson":"dad4dcda74dfaeee98e85664bfcda816069a00177869642f4ac8daed0c2f3ea0","/geolayers-game/public/data/LIE/rivers.geojson":"987fee2597cee6233dd039ceb9c631d1ec23020902cbdaaf7075934bf7d511dd","/geolayers-game/public/data/LIE/outline.geojson":"948c1a6c5261b202b72a2d0e06a20cb3f087348710224c806a40062a80342dbf","/geolayers-game/public/data/LIE/cities.geojson":"12192b4eb2a49d6029b67f451b250a7434e53b1e30dafc95cfd33cd59659b92a","/geolayers-game/public/data/LCA/rivers_highres.geojson":"4028de595093050274937ae5217cb7101b63d44801fa6fb2695d33b18dec9a93","/geolayers-game/public/data/LIE/elevation.geojson":"67ea5a3197a9d4baea507400f55ad00cc295ab501c686fec07cd9a345c46866a","/geolayers-game/public/data/LCA/rivers.geojson":"ca9b66f588567ba61ba700d71439b5bc3d2d4b1c6045e0ba0b1ead237c79a068","/geolayers-game/public/data/LCA/outline.geojson":"92e589309662f359bbd4e40b6e7955d0d7a224ad0bd4372d3b8e4eb8c7b38424","/geolayers-game/public/data/MDA/rivers_highres.geojson":"1fd6837cdc5df1b10ca435dd1299f72cf6bf6261bd4e8c08f3266395e61d761f","/geolayers-game/public/data/LCA/cities.geojson":"fb63480d494db33ddabc191d05a8626b2a0b2404e48f078c38aed948971685eb","/geolayers-game/public/data/LBY/outline.geojson":"85f0d7801d43034e8c60eea8ba2e0747d9d90678d3192a6381cb0a1ae18250a1","/geolayers-game/public/data/LSO/elevation.geojson":"38dc5443d350318d4ddfd008d7bca1f49ce8487b9528e1b2652ae764816ec1ee","/geolayers-game/public/data/LBY/cities.geojson":"ded9e13fc299dae8215cdce6dd9a6aa7a8f7235c79bbac5c535e7390398ddaa8","/geolayers-game/public/data/NPL/elevation.geojson":"8fa5e6378385238d45a700ff60ddc9c57fba6cc82c7c864dd9ffaaba03e02d62","/geolayers-game/public/data/MLI/rivers_highres.geojson":"53817df93d5c5a8a9217f23521d8ecc89b179127fe5cf63413865bee06695c42","/geolayers-game/public/data/LBR/outline.geojson":"8716cadb9b65ab60edf3996c3bf429ff6ddc87c915b44b2afd2a989fc070573d","/geolayers-game/public/data/LBR/cities.geojson":"4c9048ca9a4c5b98596e2119055ca4f47383599e74105e088b63dce236b6c5cc","/geolayers-game/public/data/LBY/rivers_highres.geojson":"807cf720b6578608c51a2696e5ab27974d985d2e11010201218ca10e57081fd8","/geolayers-game/public/data/LBN/rivers.geojson":"8fc21eb6134da76b85ce7333d0c924dea808fa37b28c6b4bb114dab401b1c860","/geolayers-game/public/data/LBN/outline.geojson":"fe663206c81d9a55425a07e5b4c0a903e0643cab8d9de849acca3ce01c726a27","/geolayers-game/public/data/LBN/cities.geojson":"1bab62c493f8c52b01226155bc533565ffa7d0b5fdfcc165505a9f1dd8fd3d22","/geolayers-game/public/data/URY/rivers_highres.geojson":"995ff1b838fae8c2e3370cdb3a1979f0b0fb6452a38b75ff073b42cfb2994e82","/geolayers-game/public/data/PRY/rivers_highres.geojson":"7c94cab3c225ae0a0410e38883f8e9b0370c426a6dad6217f273624aea50549c","/geolayers-game/public/data/MHL/elevation.geojson":"9772279f2d12b74f87ba48219017a74d36313d0c1bbda026ad16abb9bf278a2a","/geolayers-game/public/data/MYS/elevation.geojson":"155fa2de9a4a3ad9947dc48a262ddc0664074451f56e37f01fc42ddcc647c3f7","/geolayers-game/public/data/LAO/rivers.geojson":"8ad58a1b21249ba75e61172b0b29a84e8e652c7c299096f8c4a5f0940709b0fd","/geolayers-game/public/data/LAO/outline.geojson":"a36905149f29e0975a837b93901d0d67eb0cf17aec88cb33dfbea95b86b514b2","/geolayers-game/public/data/LAO/cities.geojson":"cdeeafc8340acaced5a4ff7db0de1282d49020a8622bb2af7e77a7100cd958cc","/geolayers-game/public/data/KWT/rivers_highres.geojson":"3e9019d1cee3d3880417bdcf0fa947755180347ec8e380532c1dc4a9464d719d","/geolayers-game/public/data/KWT/outline.geojson":"c553b2d56c3003a765e8d9002a61bc7646c85f29620c4e37a2b04dca7eb868c0","/geolayers-game/public/data/KWT/cities.geojson":"3e3eef9d2cc25fcc0d393380ca8bfe96c7b3bbd0b76d9949a651a0fda23337be","/geolayers-game/public/data/KOR/rivers.geojson":"ca9b66f588567ba61ba700d71439b5bc3d2d4b1c6045e0ba0b1ead237c79a068","/geolayers-game/public/data/KWT/elevation.geojson":"05b4a440fc47befa3a6ed0c1c489c0273e7aba244b15e99ba03f89e5e8cc6e63","/geolayers-game/public/data/KOR/outline.geojson":"12b0633198b1bb54f186a2c1b6733d1a49c16341955bb67d6e92dbc03d23554a","/geolayers-game/public/data/LBN/rivers_highres.geojson":"d83aba132132c7ed09de43d80580a73d947ff88fc9992eea2808c20414395573","/geolayers-game/public/data/KOR/cities.geojson":"c02ee94e08aa0c2ea847f0162baa812596c40ed5970f5b91fd66b06c4773dbae","/geolayers-game/public/data/KNA/rivers_highres.geojson":"89e5999026eb5e957f8497b10f2216c0d991162bba12fd1fc5945b8d254f5091","/geolayers-game/public/data/KNA/rivers.geojson":"ca9b66f588567ba61ba700d71439b5bc3d2d4b1c6045e0ba0b1ead237c79a068","/geolayers-game/public/data/KNA/outline.geojson":"b6c3286087ec9a6d8e6a63099af1ea241d575e66cbad429462c28f842de360c0","/geolayers-game/public/data/KNA/cities.geojson":"a5d49d0ad19004ce76bd05ae028be00fa2da98e8972113c535af4cd7d75bdbb6","/geolayers-game/public/data/KIR/rivers_highres.geojson":"654917141626a5f915b9f6ca1f9a72c3b6bdb64d5a23f6d25b04d7a808a4796d","/geolayers-game/public/data/LBN/elevation.geojson":"014b31a9a27bf2a70cd148739310e1ea1604b6b84ed9f719dad7101786e24b14","/geolayers-game/public/data/TZA/rivers_highres.geojson":"f543a093d68506ae806987402a8dfdb294705122218625938478e2e7ec5bbbb0","/geolayers-game/public/data/KIR/outline.geojson":"0cecf9666a0af7b2175d4fe660cf14a0f44b630e375e8870fa92628cc6fda4ce","/geolayers-game/public/data/KIR/cities.geojson":"051230ef58545f4a3a44364a7ef408124a95ab46c6dded9a74cb9d3f3c35f181","/geolayers-game/public/data/KHM/rivers.geojson":"15848780c1de85646726bc803066077ed9cbd4907592a82db2b238a750903c18","/geolayers-game/public/data/KHM/outline.geojson":"600e12e2442f13bc7659922c1a9522df8b8b28bbc45635f6c8c3782b854aa825","/geolayers-game/public/data/KHM/cities.geojson":"16d8c2df1d1da763849cb31e709b1d31730536de215e7ca4e5321306eecbd5b8","/geolayers-game/public/data/KGZ/rivers.geojson":"50b303fc9d5cf40398bd9c518ac4367894880dfbe628b8c44b2c6a03152e7971","/geolayers-game/public/data/KGZ/outline.geojson":"8337cd732401d5e4454863d3176939ad3f079b708174cd5b8cec372fbe99bd50","/geolayers-game/public/data/LBR/elevation.geojson":"77d5ff3e422e1da3b908f3aac7a7fd930b80fc791da0fc73a7d050e8b26d587a","/geolayers-game/public/data/KGZ/cities.geojson":"de98a3ffd998a2f813491cb42c95dbe758379c1f34b57f3ef0faceea0be5f381","/geolayers-game/public/data/PAK/rivers_highres.geojson":"5eb3a046bdc732ab2aff66affe104d390d42af2908f603ed7d7eb93c26b785bf","/geolayers-game/public/data/KEN/outline.geojson":"ded5e2822e53c7b6fe5e21f84b6d86aabdbab93c9364da61b6d8f176798a34d7","/geolayers-game/public/data/LBR/rivers_highres.geojson":"c49ca5daa216a07b584e6c4dbe6930290d9e98096a463a5885142fd3327d9cbf","/geolayers-game/public/data/KEN/cities.geojson":"64f38c5cd673a1ab9d1797621132c79d875955f75c0fe8ba69a9d5a0c37d9995","/geolayers-game/public/data/KHM/elevation.geojson":"b6e11eead59d0f22473675766a5c9543605a16a34f204b7f5580bd83fe468091","/geolayers-game/public/data/KAZ/rivers.geojson":"4e208ef21b56a391a8bd3fd488efdb2db72eeb1cb2a0b16677e2e2ae1eaef94c","/geolayers-game/public/data/LSO/rivers_highres.geojson":"4ff5109fca4a885228e41db82580d6f8bb9d5ed737cd536db7ee4f8e388bc0ec","/geolayers-game/public/data/KAZ/outline.geojson":"4f1ea77779e8c304602affb4b5d07d102eb0f8897c7d6e7d03fc3d1b40e2ca43","/geolayers-game/public/data/KAZ/cities.geojson":"d3bf7f8bad7ad1f57ca5b50708fa0200d681aee6f2f603c897ba52a8795fe115","/geolayers-game/public/data/NPL/rivers_highres.geojson":"505d602ac59632dd0201215769ebed0a80d7671d05a1879001594b6aadd5d510","/geolayers-game/public/data/MOZ/elevation.geojson":"31440dd64360f874025324e226405a8a8126a812666dbca480f4817627667352","/geolayers-game/public/data/JPN/rivers.geojson":"dcde29c42969b552fb1c56f7f89979d4f1b1655323dbfae8e2449d0eabdede1e","/geolayers-game/public/data/JPN/outline.geojson":"b4d367cc4f80b601835e55c238b4681d4330ee5d593599ac0dec0bc6fa5feefa","/geolayers-game/public/data/JPN/cities.geojson":"4a8469457a8d991b0541ec0cc3ff5d519d302358e3b9b9547d9486b59c4784a3","/geolayers-game/public/data/JOR/rivers_highres.geojson":"76d6481cbae1107bc3a329d12ba2570a4c04cdba4273481afc4bc47a573536fc","/geolayers-game/public/data/MDG/elevation.geojson":"8d3a0e4879ff5ee971c9af006907639dd819f5dae7f739ada8b97aa7bdc6cee4","/geolayers-game/public/data/JOR/rivers.geojson":"3d8bc066d52ba00d5fe31c1ecf4ab11f27d6cdbc524e781b2042430404b69386","/geolayers-game/public/data/JOR/outline.geojson":"a1e74398ff6cf91be9cc7d9ecff70743266eed65a20e90e1a208ac518bbd1e53","/geolayers-game/public/data/JOR/cities.geojson":"c8dc8bcda43656f644afc2a602b7a7a7b9b4229c551ddec6112da0ba31d4d871","/geolayers-game/public/data/JEY/rivers_highres.geojson":"ca9b66f588567ba61ba700d71439b5bc3d2d4b1c6045e0ba0b1ead237c79a068","/geolayers-game/public/data/MAR/rivers_highres.geojson":"ab34ff340513c4169f63aa73040012dc80c5164408efed3a5c1148b1c93caa83","/geolayers-game/public/data/JEY/outline.geojson":"28ba544857e7b1f3ed7ae4f0df9ede35025dc2322a6507fa49209360ae6590d3","/geolayers-game/public/data/JEY/elevation.geojson":"d6b8aa93e85c33814f78e9a1fc8a0d42f23e963e84227fb5d9af9490c5e475f5","/geolayers-game/public/data/KOR/rivers_highres.geojson":"86cbb07823a0b1f12810fa4577f9e56d03f3c80c614de916bb30ee1816b05bbd","/geolayers-game/public/data/JEY/cities.geojson":"ca9b66f588567ba61ba700d71439b5bc3d2d4b1c6045e0ba0b1ead237c79a068","/geolayers-game/public/data/LKA/rivers_highres.geojson":"623a8f2a657dcaf6085e228b400a24ba36bd0b7b1c21135e33a45ef11ed6bdc5","/geolayers-game/public/data/JAM/outline.geojson":"99dcae10d2ce9cd444695bd8b60eaeade6f69cd743225b595b3e1ecc056ef7ed","/geolayers-game/public/data/JAM/cities.geojson":"ca061d235a85835b7bd92d9a9a8f06f256aeebd7d855b5e49eb08d44f8bafd03","/geolayers-game/public/data/ITA/rivers.geojson":"cfddd1ae3d7f60f9e8c02708e554e61f4bf6a30c7886e9085d0aa41cd9790403","/geolayers-game/public/data/JAM/elevation.geojson":"cffa85d43d6c39b802236c58140115e27859bf0258d1bbf6130fb7220b26f0e8","/geolayers-game/public/data/ITA/outline.geojson":"8b38e9b86ba3375a4661b331b7a13992a8c78ad85d7f78fc52990ff41cb13cf6","/geolayers-game/public/data/ITA/cities.geojson":"1c4ce126201c6564b48f38c7cf8b68f18e5962f26dbb731bfa4387a01f88d728","/geolayers-game/public/data/ISR/rivers_highres.geojson":"797febb9709dd870600486897e50e40633a6b97d061f86fbaea32996ecdd5d29","/geolayers-game/public/data/ISR/rivers.geojson":"4c5faa761b772de6478b7e331eaaf70d35fa41e671a7bdaea69f84dd25b0962d","/geolayers-game/public/data/ISR/outline.geojson":"92945d9412626adf80ddf8b9e215d0af98c4163283e1e007b3d0b11669913c50","/geolayers-game/public/data/ROU/rivers_highres.geojson":"7caf7c4d4f919206aed8dec2480d711f91e00abac31b73491d8a098f51cb3df7","/geolayers-game/public/data/ISR/cities.geojson":"6c367b384bb054fdaf829679061d74354a2dd9b1fa2f81e5f23ccfd73b851fc1","/geolayers-game/public/data/JAM/rivers_highres.geojson":"01912a19ebcf6a4363ac99f0d8037551b0b153edef01db3dccd063ef69a97adf","/geolayers-game/public/data/ISL/outline.geojson":"905800558c95beb8dd4a8062fc23a8c2c066e54b9085ea49d1a39a994b11356e","/geolayers-game/public/data/JOR/elevation.geojson":"8ff3360f3b094edfa3af399c55b76e9834ca4a46fec065841d8a7e9013cad4a3","/geolayers-game/public/data/ISL/cities.geojson":"693ecf3ee29f0497beedc5d355904993a01230723aac0fab71c05ca1c2220769","/geolayers-game/public/data/ISR/elevation.geojson":"d13a30115e006788aae7431f3721d215c44b9008a5db84ea0d1d6e94630ab7f7","/geolayers-game/public/data/IRQ/rivers.geojson":"e7867be0f49f0da19661cf93e4386dee158cb5169da1f8451a3f78d4c1cda856","/geolayers-game/public/data/KHM/rivers_highres.geojson":"5066687335432b73b20f3fa10afdee13f543dcce96a6926fd8386f972d7c524b","/geolayers-game/public/data/IRQ/outline.geojson":"b704fee3a972a2e173774415eda20ced82f7e84fff2003337d318d405a69929a","/geolayers-game/public/data/VNM/rivers_highres.geojson":"c295b486248850752652f6cf492ffc7f4a03956db57e065c7aa0c25b011b0131","/geolayers-game/public/data/IRQ/cities.geojson":"780a6e7185e94dc9c14dffddb2720aa878eb79d92e468a89d4f7dec6283896c7","/geolayers-game/public/data/IRN/rivers.geojson":"a862e9da1c0451aecdea2b570ae6ba817478644e596bcebc85ab117d89de8fab","/geolayers-game/public/data/IRN/outline.geojson":"7e99421d4494aefe62e4954b30999042cdcae2d399f3743b83bfbf88a6c4a921","/geolayers-game/public/data/KEN/elevation.geojson":"6310acf00ac84dd014b238ddb7201de82b5fb9060fb6cd8748a087fe948964f3","/geolayers-game/public/data/IRN/cities.geojson":"bba582ff90165c2003b1160a64a2ba58620a88bceb2ffae06e64704bffb544ef","/geolayers-game/public/data/MNG/rivers_highres.geojson":"b775938c1524eea4388a15b93bd0baaedf342dd9df65f0f19ade9efd40db3665","/geolayers-game/public/data/IRL/outline.geojson":"f19fb79c969b61a9d72555c45af52f88a2dfb1126d302c6675d53fee84edf5f9","/geolayers-game/public/data/MOZ/rivers_highres.geojson":"c1d7f637fb30f361a07e6e9a23f41c524e72b11d81311bf0d535412a722aef72","/geolayers-game/public/data/IRL/cities.geojson":"e4b607b3a374aaa76e8f749ba40efbb0bbb3af0d8ec44450097954a1ba5faec1","/geolayers-game/public/data/IOT/rivers_highres.geojson":"ca9b66f588567ba61ba700d71439b5bc3d2d4b1c6045e0ba0b1ead237c79a068","/geolayers-game/public/data/IOT/rivers.geojson":"ca9b66f588567ba61ba700d71439b5bc3d2d4b1c6045e0ba0b1ead237c79a068","/geolayers-game/public/data/NGA/rivers_highres.geojson":"bd1fbd27229416e7264258e3dea8ed281b8a154b6fd2af35b03dfbe706ca3b4b","/geolayers-game/public/data/IOT/outline.geojson":"a42695355604ce84726cccb1406b3ae7362f3a3da12d91911a9781e8cdd76afb","/geolayers-game/public/data/IRL/elevation.geojson":"edda28a4fce3272ccfb0bbc87caa48cef225b4fde9da6ea8e52204351c82a02d","/geolayers-game/public/data/IOT/cities.geojson":"ca9b66f588567ba61ba700d71439b5bc3d2d4b1c6045e0ba0b1ead237c79a068","/geolayers-game/public/data/ISL/elevation.geojson":"35c308b4d233bea65d10581cd0bb9d00635b40a071d2290d534144686588713b","/geolayers-game/public/data/IND/rivers.geojson":"55fd8964c8253dd0188ed6d11292b807e5d5682257c71960a215ec85015ae2a7","/geolayers-game/public/data/IND/outline.geojson":"6b097740dff7cc4dc6e51d53e6914e40c3092b211dfbb9a42036a92ee751f1b6","/geolayers-game/public/data/MAR/elevation.geojson":"d45f6c8c53e87061e25a4d0177e1cb66980174f3250b2fb0f5b75bf9e1efbff5","/geolayers-game/public/data/IND/cities.geojson":"90e2f9174e7a712b9ed77655c135595c391edbe95f4edb48ff8f2f68b9030384","/geolayers-game/public/data/IMN/rivers_highres.geojson":"b40fb27fe63c2627a6f80a6c15b145991b7b10dcd861a58f77f27df35b5282db","/geolayers-game/public/data/IMN/outline.geojson":"6a919afa992b8069ffe7c0fd6bb059b85caf539996fd5498cc5d90360d6fa6da","/geolayers-game/public/data/IMN/elevation.geojson":"0f11f1e630c99d558a13b6efd0c8d16f7d6ad2eca711d4ff037b3d547558e9c1","/geolayers-game/public/data/IMN/cities.geojson":"8ef68a2c26d5feba0126a7aaf28bd0d1de4f459abbf1963553b0214456110649","/geolayers-game/public/data/PYF/elevation.geojson":"89eddcf96a26d8a64f43f65d717fab03fc34811b9719a4ed3d307f3d6ec897e2","/geolayers-game/public/data/IDN/rivers.geojson":"2983fba287df9bca827d99e1dfdb8f7cb9273cb3f0f2bc163e0bd4e4fcedfa05","/geolayers-game/public/data/LBY/elevation.geojson":"b8158022f3a7f82a15fc1fd0bffda9fcc100bb4c483ec2a532981478e7758f5f","/geolayers-game/public/data/IDN/cities.geojson":"43d72ad4078c1756d6383f1a5e2265becf520568d941d9ab3c6c23ec40e1c82d","/geolayers-game/public/data/IOT/elevation.geojson":"c03a65899da856564bf3fdc0dd6edb58a3af2f4ba9e2cd3ec3a25324731324d7","/geolayers-game/public/data/HUN/rivers.geojson":"94e1949c7de6224f00351aec5c22a35eea79a5162fab700f947202bf4bdcffdf","/geolayers-game/public/data/IDN/outline.geojson":"2f04ca8874b56e2b87af4ca72818849e3a0b0d0d944d6d23f99f63fa47afa43f","/geolayers-game/public/data/LTU/rivers_highres.geojson":"c2b1fa51de453f3af073366cbc9473d2559bc128692608fad55eb273a7d7f883","/geolayers-game/public/data/HUN/outline.geojson":"8a703a97697dfa33d726d632a149b7b7b43557b70bf9c3eaf7544e201f986352","/geolayers-game/public/data/HUN/cities.geojson":"33ea0612574e32edb899c92594709b05ef5c52c534818487c65b40f811709881","/geolayers-game/public/data/HTI/outline.geojson":"dd71e2e6390302150dae8fa7442787368ab2a15ac43401ee3f999608b877698a","/geolayers-game/public/data/LAO/elevation.geojson":"ceb6b87b6fa8df670adc82052dd25a9e5b63e4a7d7ec087974c3e7b5c4ac93b0","/geolayers-game/public/data/HTI/cities.geojson":"fc8358aac1ff8f2d91ef58ec8178a3d60ee27cec93d4fb01f269eea55b7ccdd4","/geolayers-game/public/data/KGZ/rivers_highres.geojson":"a7889a24e16359fe0c69089d6fa127c5c66d0fb109da986215771c14b9dc39f0","/geolayers-game/public/data/HRV/rivers.geojson":"f41ff00135df9a099d18111f3311a39764e0229fcbed1753dce7377215bff835","/geolayers-game/public/data/HRV/outline.geojson":"c330847a027eddafe8e38809b3ce7437bdbbdf6036ed02e550fb6cf0af10c0b9","/geolayers-game/public/data/HTI/elevation.geojson":"5a4e3693cf7b235b8c5a3f7c97261598e46c1d7e88317794a3dd035bb1bd1c49","/geolayers-game/public/data/HUN/elevation.geojson":"b8b2ee45eda9e17caa838db22c9732cc6b72430d3f0a4de0114aaf389c871f25","/geolayers-game/public/data/HRV/cities.geojson":"255b71411b29e8b89421ddd55e533b7c9e8b93fd3f85fca8c9d7a642f66b7055","/geolayers-game/public/data/HND/rivers.geojson":"e2ea517162b4af5c070a31c166ae493ea2c73aaf49f5cf2df65537393e6c2eae","/geolayers-game/public/data/HND/outline.geojson":"113c15148f2898a1da73d8e81dfa36c482c3f048ca188ceebe5b23b8bf919c3e","/geolayers-game/public/data/IRQ/elevation.geojson":"890f157290ff16b9e81c4286b9e8f6ad269ea9a5c97424325ef135f687d64c2a","/geolayers-game/public/data/LAO/rivers_highres.geojson":"c4531dcf14a25d0636bce02a863c8744588ff1b3a83660d508724f3368d44a12","/geolayers-game/public/data/HND/cities.geojson":"ded6a84932d78bb883461c83ae89632d4570ae5229cbf2d31c7112484c48a2ce","/geolayers-game/public/data/HMD/rivers_highres.geojson":"ca9b66f588567ba61ba700d71439b5bc3d2d4b1c6045e0ba0b1ead237c79a068","/geolayers-game/public/data/HMD/rivers.geojson":"ca9b66f588567ba61ba700d71439b5bc3d2d4b1c6045e0ba0b1ead237c79a068","/geolayers-game/public/data/HMD/outline.geojson":"4baac3dc4dcc0a58a8e058566a17e5a1060a6e62f8e7ff5ded621582b24360b0","/geolayers-game/public/data/HMD/cities.geojson":"ca9b66f588567ba61ba700d71439b5bc3d2d4b1c6045e0ba0b1ead237c79a068","/geolayers-game/public/data/HMD/elevation.geojson":"3ef67a2b31afd6900c991dfa4a10d84452af319bb740a9f979b907ef0f77de64","/geolayers-game/public/data/SWE/rivers_highres.geojson":"437197003b19e62d53b92d9fa84757cf87b2b65170ec66212ae96aa377f628b8","/geolayers-game/public/data/HKG/outline.geojson":"8b6f56a5abdc1c5ee3f866f7a983dc433d40717b029982391f295d253da8ca12","/geolayers-game/public/data/HKG/cities.geojson":"cde61113715ae9b56123dcd8b8b4260983404d2414bb08ab4d9fa7e922689637","/geolayers-game/public/data/HKG/rivers_highres.geojson":"ac2eefb6af0766e30458c8ad8d809f8bf04e72f0738909eee13c7c168bfa9dd9","/geolayers-game/public/data/GUY/outline.geojson":"4c4b9c2fd91685fe4dd669642582c3ad90bb508336b339c9b72f50f5083378c3","/geolayers-game/public/data/HUN/rivers_highres.geojson":"f6b7d906b14e3d425b35f3cc5c40e56e2be7e49f35efca827cc80b02373e2bae","/geolayers-game/public/data/GUY/cities.geojson":"c752116f80def8d96884bc6285fdc3872f6c5b2c4d2a7501598f31ad0e1edd66","/geolayers-game/public/data/GUM/rivers_highres.geojson":"824e64e1258e12d1d22036633d5530794eb87fdcc7bf96c7a981d7b12e93f84d","/geolayers-game/public/data/HKG/elevation.geojson":"05714f5b792b66f5aaa7f7eb4aba695c202ad2f1840c44be495c2826c899019e","/geolayers-game/public/data/GUM/outline.geojson":"06ed9748edb5586a0d1061e2bb1debfad22bd05d608ffecdef3ab02d423df1af","/geolayers-game/public/data/GUM/cities.geojson":"50c8f7df59dafc614d3eb09cd4ca42586b45a37b00fe118cb51f73060dcd62e6","/geolayers-game/public/data/HTI/rivers_highres.geojson":"f85acad7cd8842fc8025cabafb6b5d352cc58ffc7e6ecf9622a4ea7bead37752","/geolayers-game/public/data/GTM/rivers.geojson":"2c48859fbc9653375dd7c993d433ca6020bb33572d6b0ea016531dea862a57d4","/geolayers-game/public/data/GUM/elevation.geojson":"13acbd6bc5ebb808963e9334bc56eec0957ab888c42ed673c42d2340eb58ca62","/geolayers-game/public/data/GTM/outline.geojson":"0e3338b06c01fb80f91b67f5ba07ec851820af9da3f5874b3f1061fe69be9397","/geolayers-game/public/data/GTM/cities.geojson":"b3bd39e1558978b22cba6283cf9db741dbec919b016bb7c05ea30bac7a3773bb","/geolayers-game/public/data/PNG/rivers_highres.geojson":"533949e0dc5b08aa258fb9f06cc728599079a1a39f0da2a76024514ee3c08b10","/geolayers-game/public/data/KGZ/elevation.geojson":"d7e8664334adb9b4bc79200bc9944bf9c23b8ea7c5351cfd83525c7fb8f48022","/geolayers-game/public/data/MYS/rivers_highres.geojson":"00a4b776bf67e9e681b3be33183b170d31bb2cd5474c3493157ff56f4b7f483c","/geolayers-game/public/data/HRV/rivers_highres.geojson":"fa4371fb552269b78b819a0cce734714e238c57bb9d878dd6875e18e68530910","/geolayers-game/public/data/GRL/cities.geojson":"38241fe86c610b45a3f40419bd2fcdee5ccfc168a3f4ad1acdf58a14ecbcf37d","/geolayers-game/public/data/GRD/rivers_highres.geojson":"283d8c7c1e98930ec151775ca3e20aadc95444cbcced8fdbc68da062a5376755","/geolayers-game/public/data/GRD/outline.geojson":"3dedde91a690eb204fecc88327a9b115c1c13fd4242f9117f7c0d2f17f1b4b25","/geolayers-game/public/data/GRL/outline.geojson":"1d6839ec0806eb319268c0bd84a3c91b9663a60552a3d841c7dc0c325c1bd841","/geolayers-game/public/data/GRD/cities.geojson":"a33504ed69530c9ff53f5b034e10371f55a38b6a73ecf43fcb800bc364f145df","/geolayers-game/public/data/HRV/elevation.geojson":"fb51d2920b031c391f844cab4ceceeb062e98240926429238d48bf2f83cc3f20","/geolayers-game/public/data/GRD/elevation.geojson":"c9b9e3b77157ee4c04fecf20590a2167dce6e7c350461075497eb9c6ed8b7c41","/geolayers-game/public/data/GRC/outline.geojson":"911b7833ad86ac6ce4093a855b653f265c831b8f1cce7b234b1d6328e31b0a6b","/geolayers-game/public/data/GRC/cities.geojson":"a1786369b56b7391f529d278e74dd7b4ee954c80fb6d0d9ab005fab0e561fd0f","/geolayers-game/public/data/GNQ/outline.geojson":"7a5249ad78089c679de0b2cf8ccdffa7c10c218262f0596b04aed37d80f5a1eb","/geolayers-game/public/data/GUY/elevation.geojson":"b95871fb612d7fb191d29b27ce4bcfff563515e4b5c4cd7f2be2b7135e036395","/geolayers-game/public/data/NZL/rivers_highres.geojson":"5ee98e0d9d8bafa73175f0d5de007d5fd997a96cafdfa00dd2e9310e03eb2397","/geolayers-game/public/data/GNQ/cities.geojson":"146b7e6111fb80229bdcaa1fe78f9c4dcfcf96e76f1e17b2b8852e9e8a89f317","/geolayers-game/public/data/GNB/roads.geojson":"87ee773e56e86226beb6c63dfda20b6a90752112199d4b8fd3354d737c45a06f","/geolayers-game/public/data/GNB/outline.geojson":"4522fea3490b9f6604d3fc902871b606c0966451425c20764f26087a4bf2c150","/geolayers-game/public/data/GNQ/rivers_highres.geojson":"b25d9abfc1137c91652701a54602135357c364500f534cf2d060b92a58b76919","/geolayers-game/public/data/GNB/cities.geojson":"087af85cd4c4593fd07200949bc6182f5763fed90e217caa3e808ed047b92066","/geolayers-game/public/data/GUY/rivers_highres.geojson":"3460002824638075a164095b34a629cd4e552d6e3ad4f8e0bcf21e331bcb88a7","/geolayers-game/public/data/GMB/outline.geojson":"5dd3dd1b7dc6a6856efb7bf37270004bfc9c68e99f19de4bad63a79606ddce6d","/geolayers-game/public/data/GNB/elevation.geojson":"df1eae0de2c17ef7b3deb53a8d0c98f1fa328a2cc2066bb73d3d21b5268712d3","/geolayers-game/public/data/GMB/cities.geojson":"56bb8845cd051bf57868a26a1d5ee4f31c124e9ad4254fb7ec6ab21fbf1f5cc2","/geolayers-game/public/data/GMB/elevation.geojson":"a2212cdb32011e0135a9843846559b02553256e93f057fd38a7d9664ed5ae3fb","/geolayers-game/public/data/HND/elevation.geojson":"2a24494c386517e91f520bfbf74580a7a09a2608903c2cc186a49595a601f232","/geolayers-game/public/data/GIN/rivers.geojson":"d579dc1e0955be07edcb905147c955a5bda739dcd50da4e06db36f1a8cf4c290","/geolayers-game/public/data/GIN/outline.geojson":"2bfe9f5509980baba805220d683ee2bf99159879e0f117ce2cd5a69979ee6004","/geolayers-game/public/data/KEN/rivers_highres.geojson":"6802fb9b6c2587f2f417bcf61ebb4bd7f4bfd1b1f2e9fe518ffe6160ae2961a9","/geolayers-game/public/data/GIN/cities.geojson":"6ac858886482fe847c50c8a0f48d48ef8a7e75a79b5d261b2079e964f1e96399","/geolayers-game/public/data/GIB/rivers_highres.geojson":"ca9b66f588567ba61ba700d71439b5bc3d2d4b1c6045e0ba0b1ead237c79a068","/geolayers-game/public/data/GIB/rivers.geojson":"ca9b66f588567ba61ba700d71439b5bc3d2d4b1c6045e0ba0b1ead237c79a068","/geolayers-game/public/data/GIB/outline.geojson":"27afdada3691e9740f8bdf7ebd17a7b6fb0ea39e0d7a4e2a01948f4338ecd3bf","/geolayers-game/public/data/GMB/rivers_highres.geojson":"5e8e6df417293a29a4acbc658d3f4087122e3298bd0ba4c5972608a6fb5e710e","/geolayers-game/public/data/GNB/rivers_highres.geojson":"7ced5e3f851b141bf4b099e3febb5e8a2dd40dcd99c69460de06b698f2a7d747","/geolayers-game/public/data/GIB/cities.geojson":"a181003d12351b3fbfa732574f6c9ccd3ba72082111bf1927db946374ff47362","/geolayers-game/public/data/GRL/rivers_highres.geojson":"7515aa64e0747dc0b58ca39d795c7f6e6d484778a92ff6a882dea8a865280574","/geolayers-game/public/data/GHA/rivers.geojson":"46f36fa345d620327e3c61dee942cd57da0ba54a02e86dffb5579195053ad562","/geolayers-game/public/data/GHA/outline.geojson":"6b2c1ad6a20d881115a5dc5b034d4fa6e7d05b3bcc51cfba7ff91cf90badc0cb","/geolayers-game/public/data/GIB/elevation.geojson":"e9e0036ce89f53fd8c1887e5beca5b9dd11bd3678b7d5f5fa3eb97257754d133","/geolayers-game/public/data/GHA/cities.geojson":"bf252302f4cf7b2dda8f350741676c794a8ba0edf228e52b0163dda8543a4171","/geolayers-game/public/data/GGY/rivers_highres.geojson":"ca9b66f588567ba61ba700d71439b5bc3d2d4b1c6045e0ba0b1ead237c79a068","/geolayers-game/public/data/GGY/rivers.geojson":"ca9b66f588567ba61ba700d71439b5bc3d2d4b1c6045e0ba0b1ead237c79a068","/geolayers-game/public/data/GGY/outline.geojson":"82a6aa9b5a4b4313d90369a56773ccb3444582296b8e76718fd9fa0a2eda18ae","/geolayers-game/public/data/GGY/cities.geojson":"ca9b66f588567ba61ba700d71439b5bc3d2d4b1c6045e0ba0b1ead237c79a068","/geolayers-game/public/data/GGY/elevation.geojson":"d6b8aa93e85c33814f78e9a1fc8a0d42f23e963e84227fb5d9af9490c5e475f5","/geolayers-game/public/data/GEO/outline.geojson":"0f40b98d48c76ddf17d3036f9840be479021d3748cd00f343198ba00d8964def","/geolayers-game/public/data/GEO/cities.geojson":"a14a41208ad87f049b827e8dc58d65e3f77f90a6da07c35dc7d86296076de6af","/geolayers-game/public/data/ISL/rivers_highres.geojson":"027e2716b1c48af6145ec414b5b8bfafa52cd32306c536e24013fcebe7209801","/geolayers-game/public/data/GBR/rivers.geojson":"ca9b66f588567ba61ba700d71439b5bc3d2d4b1c6045e0ba0b1ead237c79a068","/geolayers-game/public/data/GBR/outline.geojson":"13c0a04e3f93fd71b6825ec6d5d9bfcc548654260a83bd6c04c81ffe4ba7a40a","/geolayers-game/public/data/GBR/cities.geojson":"161dacfcf1abd2563a5e6e832f0d9433f2c654618d39ce43ff5e8b95cda4d004","/geolayers-game/public/data/GHA/elevation.geojson":"e46e7513a46952145fc23813f26b221fe42b0d7402b2b0a9e5cfafd247e8e06a","/geolayers-game/public/data/GAB/outline.geojson":"28bdd5eb424006fdac7e033ec6005714e2a1130d3c0422bfe295022fd97ea653","/geolayers-game/public/data/IRQ/rivers_highres.geojson":"df3c49cdb1321033ef2e5d1e4edd0cb9f67dac248d765222002cab37f58f2fb1","/geolayers-game/public/data/GAB/cities.geojson":"e65be9d755d7101da3b9afb185576651af06fbc4a9526862ef3bb0b32b1a1cb2","/geolayers-game/public/data/GTM/elevation.geojson":"b1a2e0fe52ddc57938570d8b9332740879c01f85eb45a2aa35d7e81e5b2a7a95","/geolayers-game/public/data/FSM/rivers_highres.geojson":"ba6e4eb6f1e05cb07d4b3338c41c4cc9cc5e20c707e56f98345e7021afcf50fc","/geolayers-game/public/data/FSM/outline.geojson":"b86295546100fa8c77fc8cf5e8aa502d2ddc8a92b95d271d0c6469049d2d46f8","/geolayers-game/public/data/GNQ/elevation.geojson":"761ceeaa809e4b0122594a7f1532ee59acf513987b6f2acccaa832859306db78","/geolayers-game/public/data/FSM/cities.geojson":"533fdbc283cb11c9d12dd96fb33cacafeba9f99fb8e8f54477bdf0e9c376820c","/geolayers-game/public/data/FRO/outline.geojson":"7ea9c371918973a417bb37d21771422b27bf2ec304111799f13ea56df64452ca","/geolayers-game/public/data/ITA/elevation.geojson":"524c6de3e4c3b9de138ff7764588f3f535aa6cbd80c6d0c1b87a4750b08c3647","/geolayers-game/public/data/FRO/cities.geojson":"69ec4910104d3de87b8d43aa7ebd0476ac55863f9c08e7d135a556cdd67f8c7c","/geolayers-game/public/data/FRO/elevation.geojson":"a878919697c994e5119d46483c13313dafe1d2f9362b8ab58a34a3f7522008ee","/geolayers-game/public/data/FLK/outline.geojson":"de70b00df9db39b4c49142f261477e40cfb41912037491a7427b158aedb52d28","/geolayers-game/public/data/FRO/rivers_highres.geojson":"3e96d7cbb7f9d71c6f982395feebc8aeb810e64236e64e3be6ac98b30e40ef98","/geolayers-game/public/data/FLK/rivers_highres.geojson":"ca32e061e98035629389ea553901fcf310864d85200b76442eeee2fef24d596f","/geolayers-game/public/data/FLK/cities.geojson":"59e6adafc293c9c25e56f200c09a3cf3d36bc07155effc0759be8d125144afca","/geolayers-game/public/data/HND/rivers_highres.geojson":"1d6288163a16a9115b7fbb63a5cc3b180cd8fd627627521fc1559f47225a7641","/geolayers-game/public/data/FJI/outline.geojson":"71d0d8eaa4e16fc265667e26015133ac016f7e8768b7b6fca1c05c40a6660226","/geolayers-game/public/data/FJI/cities.geojson":"2f37856fe494875567f0c5b7a208539b2b90e012d6140232a6dbe6b746c804a3","/geolayers-game/public/data/FLK/elevation.geojson":"be9e1e8338b3a01722d99003f0aaf822dfebaa58fdc154c2503764b2104a31f0","/geolayers-game/public/data/FIN/rivers.geojson":"40879ab54031b826d72e040cc865c30e1692063e46b1f78cebd8262383097571","/geolayers-game/public/data/FIN/outline.geojson":"e9ce75f6875158cb2dc825f79e6cfa13d0f9179378f06534969401b16b6b274e","/geolayers-game/public/data/GIN/elevation.geojson":"b560b2b77a715c28d09c4bb138947645a6b0e0fba56a10b2772c83ae40088257","/geolayers-game/public/data/FIN/cities.geojson":"e48bdb041fecebb5916bccfae361b20af298e3de2fc7bb8a738342140204748b","/geolayers-game/public/data/IRN/elevation.geojson":"c4b5bee6c7dcbf1ac29220c17843f69abffb43af1a5b31cc5acd47de68172e49","/geolayers-game/public/data/ETH/rivers.geojson":"fd93f00259385426eadcb95d569f9078fb24f2ac12442435ed98ba238109bb7a","/geolayers-game/public/data/VEN/rivers_highres.geojson":"c53b201f9254e9fb889d3696af4c8ae0f245003d9764bd36d9a3c0a498914ef4","/geolayers-game/public/data/ETH/outline.geojson":"d56775c63521db7652fb5b38d998b64a36b8ed61b8cfdd1a88011856a420c4f6","/geolayers-game/public/data/GBR/rivers_highres.geojson":"1fa1ff26deab0e6917b43d9b8217d6321b0d2d62f249ecfcd8a6a98c444024db","/geolayers-game/public/data/ETH/cities.geojson":"0ee07bcc9d6fbfa70676e16be9f0a26ff39372e625d28ab33bcee7e12d6cf88b","/geolayers-game/public/data/EST/outline.geojson":"4b9cf0776ed0269bb3ffaebda9781032662e276a75bfc80d838a9f32f326666e","/geolayers-game/public/data/FJI/rivers_highres.geojson":"ee4b932790dedac553e5fa4945f0cb4fb04890c32666697b78cb5c4b5bf840bb","/geolayers-game/public/data/EST/cities.geojson":"00fe4bd92a47fb55ddd2fd8562afa60bdcbf355049b11f45fb8931a51b1c6bce","/geolayers-game/public/data/EST/elevation.geojson":"dfbe8f96fd4e7c0627b6daee0e75dc285205ef0a59f3e613953ea7200af18c2a","/geolayers-game/public/data/ESP/rivers.geojson":"ca9b66f588567ba61ba700d71439b5bc3d2d4b1c6045e0ba0b1ead237c79a068","/geolayers-game/public/data/ESP/outline.geojson":"1dfd036ffafa21d2caa1014a27df5349d6b0196b8b0eef94c5f2dd0d1cce9dd3","/geolayers-game/public/data/ESP/cities.geojson":"ead4a6479a65476fd18147e7d0f9f57fad19fe9091124f1ba3f5373193e6bc57","/geolayers-game/public/data/ESH/rivers_highres.geojson":"2403f9ced6dba8c3a261dce6f8a1d0960d81719cb466b153fc1e5fd7b5fde550","/geolayers-game/public/data/ESH/rivers.geojson":"ca9b66f588567ba61ba700d71439b5bc3d2d4b1c6045e0ba0b1ead237c79a068","/geolayers-game/public/data/GTM/rivers_highres.geojson":"3db493e441097b7f0b58b850de00ccebedfadccb34dd5e0347185905bd333008","/geolayers-game/public/data/THA/rivers_highres.geojson":"37c84704f8e04df871fe572aba08b29ce5dee8d22312e0136b6a6f5d3f844aac","/geolayers-game/public/data/ESH/outline.geojson":"85f8ce4fa777694969c89f2da45ba72726a84c2cb6522162cda00ba0077f542c","/geolayers-game/public/data/ESH/cities.geojson":"ca9b66f588567ba61ba700d71439b5bc3d2d4b1c6045e0ba0b1ead237c79a068","/geolayers-game/public/data/ERI/rivers.geojson":"e0fba35215385ac88ee51a1e1a8ec43bab117e51d4a1c65d5ecb3faf8f5cace2","/geolayers-game/public/data/ERI/outline.geojson":"ec1289907c857d5fb6064f3605bac31ceb08d2f51338a2a9b6d7a71d5c79e858","/geolayers-game/public/data/GHA/rivers_highres.geojson":"c4c722d335aafe3db970c1314fbd4e239695ff093dc5d650f85adc0c67688530","/geolayers-game/public/data/ERI/cities.geojson":"e44c66aa3ad4ea7eea91ff40d2de5f5470d9f767ea80fca6686f78148b57624a","/geolayers-game/public/data/ZMB/rivers_highres.geojson":"44bc5fcfce7caef261d87fada91e4f8069b9f57eb66b8ccf70765a7abda4fc5f","/geolayers-game/public/data/GAB/elevation.geojson":"7be01c72b083376b24e480b4d6ff28a61052197a8d5f221c5f1fb24b96804389","/geolayers-game/public/data/EGY/rivers.geojson":"3a507be852084a8a517f90a7038e5cf31fea5dd031d0a0e940bd6e7a2fba8132","/geolayers-game/public/data/IRL/rivers_highres.geojson":"1799828652c46bde51d7e4a6012b48e565724581434ede94c5608f337f6a5c40","/geolayers-game/public/data/EGY/outline.geojson":"ee5504cb72f30d538feeade76a3699ba5337945715993fe81285dc3404b09bd5","/geolayers-game/public/data/GEO/elevation.geojson":"c25c2e6107a7f76f445266f438fbbdc11afdd229cd33829bbb00ceb5c5276336","/geolayers-game/public/data/EGY/cities.geojson":"8cf48e3a6fc5a52d252879be9ffe6c865baf2acbdb148f752ac745e70154fd49","/geolayers-game/public/data/ECU/outline.geojson":"43469048fe5e1d8b6c1f25cd0f9c39d0bc083db04cc71f0fb4bea644f75482a9","/geolayers-game/public/data/GAB/rivers_highres.geojson":"899ea0e60c2912b120cd03868f48dc4b40ab8dabff0588255b7795eee49e7f0e","/geolayers-game/public/data/MMR/rivers_highres.geojson":"ffaf2f398474e8d25f8e704b46a19c1bfebcdb86b3b4c66127c5f836e9a00bee","/geolayers-game/public/data/FIN/elevation.geojson":"64319b243f18ba3b06bf452e3f4295d1dedca5d4d3bf7bbcd7993d59d28a4400","/geolayers-game/public/data/ECU/cities.geojson":"ada8a0444705720be04c4ce9d00f1b0c1b8b92d642416c8c303c1309d04e4a92","/geolayers-game/public/data/DZA/outline.geojson":"af6fd13f652f614eb1565a1b59c9cb703c1256093c824fa9b7bae8b826f4bca0","/geolayers-game/public/data/DZA/cities.geojson":"be2c443fa0d9e26d4cb62b9f1edc0dc98d53269a5afd29040623788331f28bc2","/geolayers-game/public/data/DOM/outline.geojson":"9d6b8356faa293a7a42db85c36d6d4775f75be0c79aeae0a45222701158ffed1","/geolayers-game/public/data/DOM/cities.geojson":"941ad60215f7b1aae107fd9e54cfe94f30f6480c021b16c2c30e2e870de9c987","/geolayers-game/public/data/LVA/rivers_highres.geojson":"e46dd068b99df952c8f731bb2b27920ee3fe199221304ea829aff8aad873d7d6","/geolayers-game/public/data/DNK/outline.geojson":"289eeec862b41f80511713ea0f80fe103191d319ec98ecca1216d93b092df402","/geolayers-game/public/data/GRC/elevation.geojson":"b0a906d03883750514eaaa0b6b135045abf5bbf7db8b4ce186208db5576065a1","/geolayers-game/public/data/DNK/cities.geojson":"6ef1e69edd53b1a20ff327928ab40fed8649e3d0985bfffcb6e38e6199859ae9","/geolayers-game/public/data/EGY/rivers_highres.geojson":"46aa035c527e4c107b9215f803772cf5b83175a58210534d5126c6f151993428","/geolayers-game/public/data/DMA/outline.geojson":"88af6d2b3ec74c3655fb5f5d797fe9a9126b024e96ada0ad6703b18d14bc5c85","/geolayers-game/public/data/DMA/rivers_highres.geojson":"8cb895a1116e3ce8329d1a674c1f3ab383379455ef5c8cd2fedf3a7dbc1cdfbe","/geolayers-game/public/data/DMA/cities.geojson":"fc7d33e5ecb2282255dba3b0970bb911d9c2b12f076a083ff77ee67f78f37213","/geolayers-game/public/data/GIN/rivers_highres.geojson":"6ace90cddc9617000820d24339654f09218ec11abd3e868f8225af809f686f87","/geolayers-game/public/data/DJI/outline.geojson":"2e1e5f5e819ed5035f34cf0d2bcff5489af2b0ca222bda5a54ce8201a87baf49","/geolayers-game/public/data/MMR/elevation.geojson":"66ea0cee3ba9b34363cc3890a850abd3fcdbd156bd70b61f414faa28b6f94bed","/geolayers-game/public/data/DJI/cities.geojson":"0192763ae9743f5432a79c0a35d7f43c465095b653a0b0f177e6838525312163","/geolayers-game/public/data/DOM/elevation.geojson":"7f48aca1f42721a1684e2fd88e1bba5236559bab1c50ae32586134bde015c8d0","/geolayers-game/public/data/DMA/elevation.geojson":"04f0d2098ed6e0cd1a801ecc490e66010e9598f507188602e6889ed2049c7180","/geolayers-game/public/data/DEU/rivers.geojson":"fbf7e9f954af13a87bb5e40eea610d0752c78429abc200ad80a7e49a746fd8f7","/geolayers-game/public/data/DEU/outline.geojson":"644245d308047269b09c8a3e9f7d2291e4bcacc4e5d6f29c626c28e1e6fa09bb","/geolayers-game/public/data/DEU/cities.geojson":"a21dc3c2f01b575153a4f403de0885d1ea43279e58ab2ec7704bfd0eb410e435","/geolayers-game/public/data/GRC/rivers_highres.geojson":"662caf2f2ad093c8e6da3ac7cc344d32809f830189d9f7439a7607749690e094","/geolayers-game/public/data/DNK/elevation.geojson":"791b5a1353c21654da9b82f29964d93cb3a782a388256b1847ba947210c4ff2c","/geolayers-game/public/data/CZE/rivers.geojson":"e8a2c7d910121acc18b18a1258fbdbe28c1faec81172971ce6d7ee51759a6a58","/geolayers-game/public/data/CZE/outline.geojson":"60e5589686d0376ab6bc932cc00b0e2e56df6f1e734ef16c5d7019cad24f9108","/geolayers-game/public/data/CZE/cities.geojson":"42ac7cf4e2eba4cffd6edac60873910c2c69f4bb544752cec4bc46e8f0c9caa8","/geolayers-game/public/data/DJI/rivers_highres.geojson":"e21a4b40d4ea6c2936578d1bc81e5a1aa00b1fabc4308ebfd08dda33b8bd6852","/geolayers-game/public/data/CYP/outline.geojson":"179a910c363259c02d1683ee6d90cf240b9f789cf4287f485b07aabc0608b97a","/geolayers-game/public/data/DOM/rivers_highres.geojson":"82873f2552835415c8585800018c4b1a987f886fab3db3a576cceda7644dc3be","/geolayers-game/public/data/CYP/cities.geojson":"428d25f57e16488a2a293a9f2dc963e6491b1e86ef0077aa75c219589cf7fbb7","/geolayers-game/public/data/GEO/rivers_highres.geojson":"d1fcd0892812f376795cc2b8506e8cc1c98f78f5ec7f48a23827d82035d19c60","/geolayers-game/public/data/DJI/elevation.geojson":"8ddcee940a0537373679d28a9bb0ba8f78bced3c85a88185f5df6a89bbd37a01","/geolayers-game/public/data/CYM/rivers_highres.geojson":"425f69c80f9b83601ebb9b5b491deae8efcad601b646d5b89d7aa48aae95d0bc","/geolayers-game/public/data/CYM/outline.geojson":"695e3c640555788c727557147b85a427a07bf6c5653a375fefd7110ea6755da9","/geolayers-game/public/data/ZAF/rivers_highres.geojson":"6d1ac4e8173befc43e8f2b76b641dbc00a3715ef38d240e2ccf8bd914eb9bcec","/geolayers-game/public/data/CYM/cities.geojson":"d0a06ed5786ae308b9bef9949c816d61baba7d798adc30696b0b73989b6fc5f8","/geolayers-game/public/data/CUW/rivers_highres.geojson":"ca9b66f588567ba61ba700d71439b5bc3d2d4b1c6045e0ba0b1ead237c79a068","/geolayers-game/public/data/CUW/rivers.geojson":"ca9b66f588567ba61ba700d71439b5bc3d2d4b1c6045e0ba0b1ead237c79a068","/geolayers-game/public/data/CYP/elevation.geojson":"426a378e7c459fcf1814a3c8db9473b9a9f8f90dddabb646683c7535e12796be","/geolayers-game/public/data/CUW/outline.geojson":"8445bfea0463e001407ae26b3cf243016d9d7d6d8cfa12aefd154f917ad9c53e","/geolayers-game/public/data/CYP/rivers_highres.geojson":"a3afef4af8021e1f1e59051d1c96ef09925bfe90d29f12938a326411291ab6fc","/geolayers-game/public/data/CUW/cities.geojson":"8787e7e5747837dde8475744860eb62bef5ee2d96010707bda348ae4939a2a4a","/geolayers-game/public/data/CUB/outline.geojson":"bbe909eaea54b55e4867960e8e8c27e2220c2f2cd5566fc3f17a6d4c6ddcb87b","/geolayers-game/public/data/CUB/cities.geojson":"a5b2e842fca9676c6baae54768832d426dd6dd91c37a1c88e1c6d9b29eb16b0c","/geolayers-game/public/data/CRI/rivers.geojson":"de968a3e14e6d03c93d13116bd06cc18043cb38ce96cb24ab26f53a653dc6eab","/geolayers-game/public/data/CRI/outline.geojson":"696dc3c4da1b19cb03d44fc3d3457133af0b5b2eb50b5eec9ed457b3987053d7","/geolayers-game/public/data/CUW/elevation.geojson":"d88a6ed1b9a0e7704e339821ccc4b2e4f5ec692ea21918f73ab6f30cf31114df","/geolayers-game/public/data/CRI/cities.geojson":"5e59bf20b78896d9cb441c1131371494b2cec1d6a9f239f9f44633ddc6e13892","/geolayers-game/public/data/CPV/rivers_highres.geojson":"3c76f397db74d6b54842900f9fcd9de2a79bfc7839eb79b6657b4db6c3b3053e","/geolayers-game/public/data/CPV/outline.geojson":"e8a07a147ed1a86c1a8f24b8911433ed8ed7f15614ee8e5a52254bcc505c4acd","/geolayers-game/public/data/DZA/rivers_highres.geojson":"581edb134bc3b900052d7fdebc5731b0dce57e554964c0283865258abe4d4c0e","/geolayers-game/public/data/CPV/cities.geojson":"295d00001ed05cb28f22f573cfafdec7d05c822c81454420cd888cc88860786a","/geolayers-game/public/data/CYM/elevation.geojson":"6cb9189a3efab284833df94bc39a6af9dba498f3fbe2c652a7ad94cda0249d42","/geolayers-game/public/data/COM/rivers_highres.geojson":"d64a8cffd2e1cd658b3e867cdb108b193ddf945533513772d36542bc68b1004b","/geolayers-game/public/data/COM/outline.geojson":"fa8e6b6e3cb05d101d595160c056164db3125c1dba5fee6db23557c564c7a0e8","/geolayers-game/public/data/DNK/rivers_highres.geojson":"13514621a126a80b543a91b909881372301842f0f9f082dd3c438b1ce75acc91","/geolayers-game/public/data/COM/cities.geojson":"d474c049cfe39a3b6b17a1a42b4fb47ee6157f938aef287d50124c5204433e6b","/geolayers-game/public/data/COL/rivers.geojson":"54ecbb987706f396fe1536277b154c802212896f15294bbdb4b98596887578e5","/geolayers-game/public/data/MNG/elevation.geojson":"38cb59b84633d24154d67bff58f9adf172d319a8a4cc9ab63735e053341bc130","/geolayers-game/public/data/COM/elevation.geojson":"219c7ebe4db501a8d37dbfa551ab2132d405d29b7dfffd038ac253c151ac5e21","/geolayers-game/public/data/COL/outline.geojson":"01afcd6aeb56f2f29c567a01bc185130162031ec95d059c3437d7cb17a84dfd9","/geolayers-game/public/data/COL/cities.geojson":"f5f1328f031e8039264061e0f0656ad28e044aec4522a5e6480163aadd67dd4e","/geolayers-game/public/data/COK/rivers_highres.geojson":"7c9e2122a5321915393b33bc05d1e78aa8d7af17ac92ec9f62233386f608a484","/geolayers-game/public/data/COK/outline.geojson":"7a21970e3b4d446181f1b8e9f4914ac2b4b1d303d3ba74d484bb384ebec36c96","/geolayers-game/public/data/COK/cities.geojson":"bab494374ed5333d96af09b7292e9010d46f90af0659c8a3388daeaa47e3923b","/geolayers-game/public/data/EGY/elevation.geojson":"fbbed60cba495f00862b140e0a5f6fb1e0be42ca8c4a4b73ad7c133e21fdf9cf","/geolayers-game/public/data/CPV/elevation.geojson":"542acda6c2c14726e22a61269e89aa4f4e07de776da3ca578950182fe84b0c78","/geolayers-game/public/data/CZE/elevation.geojson":"478761e401b4adfcbea2afa5cb12faf87c2d8966d12b920d66b10c23c486d9ce","/geolayers-game/public/data/COG/rivers.geojson":"ca9b66f588567ba61ba700d71439b5bc3d2d4b1c6045e0ba0b1ead237c79a068","/geolayers-game/public/data/COG/outline.geojson":"3770f510f9ebe53d496de50bd68c83549f719fe1d97d1c1d1393021a4c6f0c5e","/geolayers-game/public/data/ERI/elevation.geojson":"b722bce22b8a6bc22a26c4250f4a2c19e10cb7296542797ecbef2b0f2b2add01","/geolayers-game/public/data/COG/cities.geojson":"34f905fdbf7deb081db3496f373c68ff4976c855f61b87a00a75b7ed22161bb6","/geolayers-game/public/data/COD/rivers.geojson":"3d067fe13476030fad81a85977fcb1c974fde1a539cd5b6100a5207b566b93c6","/geolayers-game/public/data/COD/outline.geojson":"4803a60c481be57ea5454e9a411d8af02f9b2f1717f2e637f6b75cfef703d2f6","/geolayers-game/public/data/COD/cities.geojson":"86519b667b108bace175dbefc6afff5a1e381f93c01af4b7e3edec9ae01b3027","/geolayers-game/public/data/CMR/rivers.geojson":"146246d668b0650ffcb10ca874bdf9f93656533fc30a3b4035cc85b8115bf4e7","/geolayers-game/public/data/CMR/outline.geojson":"5fc71c13c89fba5fb7940f7c1f0805e8c4bbac2b545cb5daf8ea25120ce9081b","/geolayers-game/public/data/MEX/rivers_highres.geojson":"b0532d70d8b17e2ed111cca7f25e332590024aa37b96d329bd654dd85d8b61af","/geolayers-game/public/data/CMR/cities.geojson":"168ab781d58cf10afff990e9927065b9b55ab73eec484fea0abc47458d4055ec","/geolayers-game/public/data/CRI/elevation.geojson":"35470bfbd2d0a593bc72bf19a00cf54642c17e7eeb4473b92a2cbe2803c8eff9","/geolayers-game/public/data/FSM/elevation.geojson":"0a1dfac2feec1480d54456c1e88185dd3c24a5c77472b8ac761f39678f34c7c8","/geolayers-game/public/data/CIV/rivers.geojson":"068687157ebaee68af6bb287243ebd569481df083f2f0d58a1d0832e03b70448","/geolayers-game/public/data/CIV/outline.geojson":"630b9689b97806c9ae6778498e356f24c81d657f52b5fb25edcd3abb243c6ac8","/geolayers-game/public/data/CIV/cities.geojson":"2a0fa1317a3cdae419009c6c07b0cdbbdd061a8cca6c2b63d4e1d9045f5bb536","/geolayers-game/public/data/CUB/rivers_highres.geojson":"2029978b99d0ed053aabf078c754535464b8937066f487af046bb4031eead5b3","/geolayers-game/public/data/CHN/rivers.geojson":"5d5353d96ed892960d56a830cafd827b1687e7097b2f6881c4e2d62de589a997","/geolayers-game/public/data/CHN/outline.geojson":"bdd81ba958ce73708ffe9390c0f4a8985a601003bdc1d7d80e41015b1ffe111e","/geolayers-game/public/data/CHN/cities.geojson":"375e47ff664dfeea4cef7776dbef1d7017294179091288560c0c8dca0f4d185f","/geolayers-game/public/data/CUB/elevation.geojson":"22ebc881557502f8db461a88db58062fb6c8dac9f118cc51d681127ebbddfba7","/geolayers-game/public/data/DEU/elevation.geojson":"704680c15e133fa6bd5d8dc1da06bd7c62bbdd08c0b555eb01cdfd9ab34edab6","/geolayers-game/public/data/CHL/rivers.geojson":"bafd4e794f3147a92ebe4bf8811dd4e418f9f1c1d6b69b6824b945ff0dda3916","/geolayers-game/public/data/CIV/elevation.geojson":"45b2ef41f6e5263eca98841e089f5ca52528b8a9350efd40293a64f72a886528","/geolayers-game/public/data/CHL/cities.geojson":"d8cf4e35500e56e3da1b9bab0f5c130447b1c7820fa524963337bafaa06f8a79","/geolayers-game/public/data/CHL/outline.geojson":"8ba6ded78631d9d600ad5c93656a11615bab17abb0c82760ee954ff4eafeead8","/geolayers-game/public/data/CHE/rivers.geojson":"ca9b66f588567ba61ba700d71439b5bc3d2d4b1c6045e0ba0b1ead237c79a068","/geolayers-game/public/data/ECU/elevation.geojson":"861173102abfe59117394f7d774eb5bdf2ce36920afc33cedca7a03a7956ff66","/geolayers-game/public/data/CHE/outline.geojson":"9e5f13b08d84657a87da177d55492c47f1ebddf4b00dccb9fa41e8bd42eebeed","/geolayers-game/public/data/CHE/cities.geojson":"2046bdd5e73263a107afc89deeaf6b0bc8a5c2fda3eca11a553330f6e98f2ae4","/geolayers-game/public/data/CAN/rivers.geojson":"6c8cde249a7790211aa8b8b583e6e73f8965f590290c4759350973dc3bdf1d84","/geolayers-game/public/data/JPN/elevation.geojson":"5229ecb9152d7c4604cdc572445149481d0447082b6e02ea281d179ae57ed1a4","/geolayers-game/public/data/COG/rivers_highres.geojson":"46b0a3931788a2865b114114c46a23055eb9837985e9e2b487c1fabea4616d34","/geolayers-game/public/data/CAN/cities.geojson":"df4691fb32aa487339f4ffe8b6d8fde31104b186d6271f610e9f476d91cbeb12","/geolayers-game/public/data/CMR/elevation.geojson":"97c451a4fef3fad2e65049eb6d77f5dabb803acdb2a6d7d85fd77a8d8c9c4c74","/geolayers-game/public/data/ERI/rivers_highres.geojson":"2282f2a475295111a9b4a7480e84b263fe36906fadca3bf07438670700af4e50","/geolayers-game/public/data/CAF/rivers.geojson":"dec402cbe9b7f74362dbcae81b8cb01eaf99821e66464f37716f4f4c60b0f1fd","/geolayers-game/public/data/CAF/outline.geojson":"5415447119d695489b23449514cadcb30fdd20ff51a37b74c69373713dcf735b","/geolayers-game/public/data/CAF/cities.geojson":"5c576cf678501a78d326afa7ce7486442983ec91e0a418fefc3bbb783339176d","/geolayers-game/public/data/CRI/rivers_highres.geojson":"6ca43fa0ecd71659ea95f57184ea2af84304e67a4e6b44f66a1b1efbc104acc0","/geolayers-game/public/data/BWA/rivers.geojson":"80afbae5fcf2bdf50c21a1c81be242fd5a7584172dd5cf52d7c6bb3cef24fc35","/geolayers-game/public/data/COK/elevation.geojson":"89396af419014a00665117a46d25d906fb7aa15de8539c2839899407f4069679","/geolayers-game/public/data/BWA/outline.geojson":"690113b98182356ccd3d4f39b131394668a1e1a4ec06116143c9e7d040236272","/geolayers-game/public/data/PER/rivers_highres.geojson":"5813e4cf41bac1a4dfd1b1e0ba25c4757c238e78fe25187c0056aba560db5dc6","/geolayers-game/public/data/BWA/cities.geojson":"78a69db3283756334a8061f4e3c8c27b926ee9a37458bc1d15f341f7ec424aed","/geolayers-game/public/data/BTN/outline.geojson":"746d38091ba8615d0fd7b548f921a43f6f7007c042a8866f3615444a2ac54d26","/geolayers-game/public/data/CAN/outline.geojson":"53923544bdd32104b6c356f78c68eff5cc360622debc49cdcedef06e89f522bb","/geolayers-game/public/data/BTN/cities.geojson":"34e26b8cf888f31b70f34c70ac74ee346812c1ea90220f91232257217e459aa1","/geolayers-game/public/data/POL/rivers_highres.geojson":"5a8a7aa89ccecdd7fc76569bb5f54419130c989aa7c4771fba5e5717503d9714","/geolayers-game/public/data/BRN/outline.geojson":"90c96b35ea0b8777c18bbdb584d661e303a7d0aceecd8ae7ba203cfa407f3d32","/geolayers-game/public/data/KAZ/elevation.geojson":"acfa22d16a6396bec383ff11b19f62bf427376297ec9229a1468be45ea2aea32","/geolayers-game/public/data/BRN/cities.geojson":"cc1109e1a9adbae2951405d5c2484db2425cc02a71f968476ac496c6e6f624a3","/geolayers-game/public/data/BRN/rivers_highres.geojson":"d6d4013b4ca529523d0dc0c9218c07d3c3acee984e198ca09500ade788664a4e","/geolayers-game/public/data/CZE/rivers_highres.geojson":"a74a55b10bedea1d14b335d7e1e8b499f5b5500b60037a803d41f47af602c303","/geolayers-game/public/data/BRB/rivers_highres.geojson":"1dd0bc0e101f5708f274ce27d299d42d795a51464f26813bc7ede452e0a5c458","/geolayers-game/public/data/BRB/outline.geojson":"4e570210187a9d847a08f47b52ea84cd604ca3148d9f4bc7a057b2d541818272","/geolayers-game/public/data/BRB/cities.geojson":"474ef64988a2a75c33891ad66cd5eecbb10df52564206756fbf803e6cf23df7e","/geolayers-game/public/data/ETH/elevation.geojson":"b8a25698b1fe63a6d366f4efca6ac03e2e68dd1e9d59b834c9a31f8f3baf3fc9","/geolayers-game/public/data/BRB/elevation.geojson":"259d869f73fe4390b0b3db179887bb2d74ae3e3e9aadbb1486c7a94128c72c9b","/geolayers-game/public/data/BRA/rivers.geojson":"37de88c1c0a3a525cc48964ea57e80523a26b8f08b6fde3431bfb4a6b0c57371","/geolayers-game/public/data/BRA/cities.geojson":"a2809112b6b69ad97d677d4631629898d30e310481ed96baceb475bc6ed8ec8d","/geolayers-game/public/data/BRA/outline.geojson":"ba2f8b94d8db650f0c9f63b83c84aa6107e45313d8fc733f4a5539bbda6adc86","/geolayers-game/public/data/BOL/rivers.geojson":"2daee18c320037ab0a799de4dc8202db23276b75fbfd07d57f53d0a2e25456e7","/geolayers-game/public/data/BOL/outline.geojson":"7487d4a674a67ef916c44c4229fe68412bba9cb5202ebd9692a94be145c3f9d3","/geolayers-game/public/data/KAZ/rivers_highres.geojson":"0b267f3107912b463ee2566a4bf4a075180e5890a9bc2a479013063af4542a1b","/geolayers-game/public/data/BOL/cities.geojson":"b134e0c81d3583104bc35bb2d54e43571d1961a0f95d3daaaaba581c0bd19a93","/geolayers-game/public/data/BMU/rivers_highres.geojson":"a8f98dda02b2c661c4222b6109c7253d8c7317b7ed574373ed6e608291f06b8d","/geolayers-game/public/data/BMU/outline.geojson":"cff652b1af7f77877efc2b3b18f5a10aeaaa3f0bfeb7e39266bdf5fb2992c90f","/geolayers-game/public/data/BRN/elevation.geojson":"1962b2b1b439571a488f3ad9cf1c290797edeb668d244fffd3099e8b4ca55c5f","/geolayers-game/public/data/CIV/rivers_highres.geojson":"5d62f68f3237fe179c73c72d567e8566519e507d96857067183825c7e0277855","/geolayers-game/public/data/BMU/cities.geojson":"805fc572231eabe436569f24330c17264489b9434cbc0f6e851adf5f954c3dac","/geolayers-game/public/data/BLZ/outline.geojson":"6ef617e9c808200c15c94dd66abe2e074fabcd639a780ca368ea527d121bceea","/geolayers-game/public/data/ETH/rivers_highres.geojson":"8a23a3f4e7509797822e1266ffa2d67096ff70f3de91840a8563e82193e80d5c","/geolayers-game/public/data/BMU/elevation.geojson":"509a603ae88c7a3024ecb109e029032120dc3fa7565b8e6e93d1357efcb840be","/geolayers-game/public/data/BTN/rivers_highres.geojson":"d9e374a0d506365daadbd04a26110186b71046a7087f4a7398baabb72fae3d37","/geolayers-game/public/data/BLZ/cities.geojson":"58b8ac715da5577d484a99444fd0c9ac344f24214994e934d9f1d844ab06f257","/geolayers-game/public/data/BLR/rivers.geojson":"a889d0a015414398076e0077db7bd24018010534363c5b2e74129a4bbf6d9c45","/geolayers-game/public/data/BLR/outline.geojson":"11008c1b8ba03810329d642dbc24fdde0bef84dde7c5367b3e5687a28bce48c9","/geolayers-game/public/data/EST/rivers_highres.geojson":"ea94cda661d21badcd0686ff0ce59943ce2badfc2ec3137215011f247a6debec","/geolayers-game/public/data/BLR/cities.geojson":"895e3275ca7c56f12abd4a38a3faf2a7119ece5cd209c6033c39733e26ba4ae8","/geolayers-game/public/data/BLM/rivers_highres.geojson":"ca9b66f588567ba61ba700d71439b5bc3d2d4b1c6045e0ba0b1ead237c79a068","/geolayers-game/public/data/BLM/rivers.geojson":"ca9b66f588567ba61ba700d71439b5bc3d2d4b1c6045e0ba0b1ead237c79a068","/geolayers-game/public/data/BLM/outline.geojson":"1ff2ec988460848704eb512f52a6700bdf151142c373c061d98c38a75958cd7c","/geolayers-game/public/data/UKR/rivers_highres.geojson":"1362b4199fe4c2b6040e168ee5192e51f143fe4e0502adcbdb3125d2e8a4a6d6","/geolayers-game/public/data/BLR/elevation.geojson":"1e285dfaaded6e06018dff9a4db4eee242d053e04f574bf7a857a22ed88ff678","/geolayers-game/public/data/BLM/cities.geojson":"ca9b66f588567ba61ba700d71439b5bc3d2d4b1c6045e0ba0b1ead237c79a068","/geolayers-game/public/data/BIH/outline.geojson":"91e0875c2e77f2ae941837c8f256069c423b56d0da1a7c816c3b2212e833ceb3","/geolayers-game/public/data/BIH/cities.geojson":"6f28947501131bba12145fe0a42208005ea41866ce026e9da6caa1ca1067ffe7","/geolayers-game/public/data/BWA/elevation.geojson":"82aea737858961cb4ccb1bed31361d8280f4db44af79effd8b847c08f0f5db7c","/geolayers-game/public/data/BHS/rivers_highres.geojson":"07a28f849154546be5187dc1c855b53334965763991626a370792a95b4c40498","/geolayers-game/public/data/BHS/rivers.geojson":"ca9b66f588567ba61ba700d71439b5bc3d2d4b1c6045e0ba0b1ead237c79a068","/geolayers-game/public/data/BHS/outline.geojson":"dda35df12cf3e9e544f1d63de3bff560a2e9afac2101bfbd1abf86c049fa861e","/geolayers-game/public/data/BHS/cities.geojson":"fd8141c6908d1c22ab8b4b563b033cd04678358401ee97042bd3a4bf3b77f683","/geolayers-game/public/data/BHR/rivers_highres.geojson":"9e1aa17c94f86bf4d24dc02adca091281e6f0f6b232ca5ae47758f61c009429a","/geolayers-game/public/data/BHR/outline.geojson":"deeafc7e0cc66224fc4db80bd6e84f411706f07823077b9b3b4146decc68dec8","/geolayers-game/public/data/BHR/cities.geojson":"5694d9e46a4ab3917d5dcd69752fef8cabc1b4060835887c6a9622d525469632","/geolayers-game/public/data/BGR/rivers.geojson":"e4f54d1cd2861130732d5c0805e925207233bc60cd785e80d81227c2b58830d8","/geolayers-game/public/data/BHR/elevation.geojson":"68e76ea5f3f45c9830b5364c416783b0bff9d9e55f262b749b11d8591e5c6220","/geolayers-game/public/data/BGR/outline.geojson":"182633d76657c6442fad58d1a03ddbeaf735e0e0769498d651d5790081ea36fc","/geolayers-game/public/data/BLZ/elevation.geojson":"54f88b9ef269902b90ae0a2c7d1bed1239c821a56d392bff12d4da62edb849a5","/geolayers-game/public/data/BGR/cities.geojson":"8dffb5d303691891791add321063d3cfd97e812271c725ff133a6e9b2bd690dc","/geolayers-game/public/data/BGD/rivers.geojson":"9f7ffc1f4ccdf69105ec5860df031b0ef1c5af14910af84c205a3544fc778365","/geolayers-game/public/data/BGD/outline.geojson":"e5a35e89f1c0c172d8626e53adfbb8f0c0fc55bb5fb3e5f581f2129f6c1c6611","/geolayers-game/public/data/CAF/elevation.geojson":"22a02cecd04fee0a0fcce306f7f50260d5d83f7356ee75027996802939f91b5d","/geolayers-game/public/data/BGD/cities.geojson":"884e7f38be0efda75a06b6a73e817519be1ef5586d3672df09b500447aab074d","/geolayers-game/public/data/BTN/elevation.geojson":"e5e374057d7f978c77192f4cc54ad8b69a8ce961af71d833b4b1e381f650acc0","/geolayers-game/public/data/BFA/rivers.geojson":"abb9a9ccd4acf98345340f3d671397af3773451b6487e275dd889761ec1ba17f","/geolayers-game/public/data/MEX/elevation.geojson":"3f83f9e7ca1ced206ced4cc15966cc7c27c8997b9dbc62e5aac76ab3eded4a5d","/geolayers-game/public/data/BFA/outline.geojson":"729a82b5a66c1634e4eba69fbb8f120469625ae694453bc996e6828ed617ece0","/geolayers-game/public/data/BIH/elevation.geojson":"b037559a7763dcb7de070b957e331f7feb99ef13d624d32ae1e4e344ac44cb89","/geolayers-game/public/data/BFA/cities.geojson":"a78cb1640ea5d35fbb727b1fb7e3bfc0ea33f950211cec6b3a914c1f44ac405b","/geolayers-game/public/data/BEN/rivers.geojson":"8d94db43a7330c153870999e13e8952a51e91a4f0b113bd84704d12f1d0d9c95","/geolayers-game/public/data/BWA/rivers_highres.geojson":"22f47cdb4cc44853e8cc434bc8e1447280baa9f518638b5a49b3474cd8063e33","/geolayers-game/public/data/BEN/outline.geojson":"a1f474dca4cb4c14b82322e38e9f752d242cafe483a5b46031ede24078181b01","/geolayers-game/public/data/CHE/rivers_highres.geojson":"da506c281300e47c8ae69fb90de0074784c9899bb5f979f028c42e415de7698e","/geolayers-game/public/data/IRN/rivers_highres.geojson":"5e48f9b005bcc0b08e443dfcc37d7f3e3e8b408210eed56c95186d0827ea51dd","/geolayers-game/public/data/BEN/cities.geojson":"484ed17b42ed80931134848be6dff9b8cb8eb5e05f5198531f8ce2cb02124a71","/geolayers-game/public/data/BFA/elevation.geojson":"18c57c4798a94376c01b17bc41ca5c5406dd926cda728f6ac5fd2cdc826322ab","/geolayers-game/public/data/BEL/outline.geojson":"0bd0cfa75a6327774bebfff83052833aba46ba9b82860b4d7009c9c0349ed57e","/geolayers-game/public/data/BEL/cities.geojson":"feafe73305043b2228d1a9c61aaf6e9dccc94f5a64b316b894be7a3da0df51e1","/geolayers-game/public/data/BDI/rivers.geojson":"dca3d12af110a4d370091c4b08d97215d3379bcaf9016ea10b42dd38d9d43adc","/geolayers-game/public/data/BGD/elevation.geojson":"dc55cca27a11c2b64764e54ea8f1d1794d34600d135968114981b53931dd3e88","/geolayers-game/public/data/BDI/outline.geojson":"2993a1c814da68b3c991750d0a88c660d8ebe6ebe6fa733a7d0b0746c6968b87","/geolayers-game/public/data/BDI/cities.geojson":"1169473a934270480abadeb6435ecd30ffe0787878743b7cde6951adf314f26e","/geolayers-game/public/data/BEL/elevation.geojson":"3b75b5a16b56b0c489ede61ab908925c124ffe5765894df58479db21dcebd1f1","/geolayers-game/public/data/AZE/outline.geojson":"b5ac5d6289a9449bc94037e62af81f4e6b2f2b548bb049f9e296e1b422dcbecb","/geolayers-game/public/data/BEN/elevation.geojson":"64c694a62ebcb125eb33f5683646f5c53bf505091fd85f15bbb51911b769f7bb","/geolayers-game/public/data/AZE/cities.geojson":"8b45b4d9a35724809813832d4b524bded314cec6943b23b00f22a5e5443482d3","/geolayers-game/public/data/BLZ/rivers_highres.geojson":"844b78bbe0aef03697481b0d76fdeb32cf81dae36b81b5e7e587657b918fe0cb","/geolayers-game/public/data/AUT/rivers.geojson":"85a6efbde0a97490b9b40a6dc279736b8526dfec2b4cb676d492c15d00c89ccb","/geolayers-game/public/data/AUT/outline.geojson":"181b64b27b68efd13d90c132588a130d5f2ad80f698ddb29c3e102486d809709","/geolayers-game/public/data/ITA/rivers_highres.geojson":"682249f812c057f457dff6eaf365d7180dc0a470d6c1f95504055b98e8b104ae","/geolayers-game/public/data/AUT/cities.geojson":"6d8ebda0423ae4d6d9224e076dd75b6d41e676ae49c949df37ad93481c590add","/geolayers-game/public/data/BGR/elevation.geojson":"043f5489d3e30badd468ae6d0d9e59c5f729da0bc06391b85080341f04c14e82","/geolayers-game/public/data/AUS/rivers.geojson":"d48c5986ca6b4d55f47fe45655b25f0cc0ebc21ef6c56e5689f8671863e5d5d6","/geolayers-game/public/data/NIC/rivers_highres.geojson":"850bcf4ee47446ce3950c84749d6c94a7b2d6a9b119c63d601c4d28523c7c2ac","/geolayers-game/public/data/DZA/elevation.geojson":"c173947b405f1c8a55e1646db2babc6b4f2043be443c1189bb26bfa5e0eb335b","/geolayers-game/public/data/BFA/rivers_highres.geojson":"755fb2961e54102cb68abb897d1dc910cb290d470f4fdcc5c2849643421f9378","/geolayers-game/public/data/AUS/cities.geojson":"d4a3b1c93e8cf671ede4956cbfca62c822cf38ef4fdb3d49106404b484446b51","/geolayers-game/public/data/ATG/rivers_highres.geojson":"e8b9977f598ee8896b6db53fc7f7cbaaa5d6eef2e7b9eaaf591c88e5607529b1","/geolayers-game/public/data/AUS/outline.geojson":"00bff534ebe66e346757f5dbda2f0722f3f0bff5817eb93573f42193fe0014da","/geolayers-game/public/data/ATG/outline.geojson":"85b751bce431b663ffd3c7109c252e23b2cdfa76fef0204953201262369f8f28","/geolayers-game/public/data/ATG/cities.geojson":"dd437b2bb1ecc7e918b4eda124813ab69329a0ff7b5433e5df5a46ceb5fe0d86","/geolayers-game/public/data/BDI/elevation.geojson":"f249e8efecbcf61ae9808d6e94d19ffc5adf08bfda8665793cd0b0b53d3a66e4","/geolayers-game/public/data/ATF/outline.geojson":"3b8aa4907f386885a371e015923c89b8486423dece92c6f3199fffb45b9fcb2f","/geolayers-game/public/data/ATF/cities.geojson":"ca9b66f588567ba61ba700d71439b5bc3d2d4b1c6045e0ba0b1ead237c79a068","/geolayers-game/public/data/ATA/rivers_highres.geojson":"ca9b66f588567ba61ba700d71439b5bc3d2d4b1c6045e0ba0b1ead237c79a068","/geolayers-game/public/data/ATA/rivers.geojson":"ca9b66f588567ba61ba700d71439b5bc3d2d4b1c6045e0ba0b1ead237c79a068","/geolayers-game/public/data/ATG/elevation.geojson":"a60322310e37f5f75234cf1cb9cc641c42838aa7e1c9e9575a30883ed19dbd55","/geolayers-game/public/data/ATA/cities.geojson":"682ce19a2f7e955518d50561df023e1757787477027855a82244c128fbd82948","/geolayers-game/public/data/ASM/rivers_highres.geojson":"ca9b66f588567ba61ba700d71439b5bc3d2d4b1c6045e0ba0b1ead237c79a068","/geolayers-game/public/data/ASM/rivers.geojson":"ca9b66f588567ba61ba700d71439b5bc3d2d4b1c6045e0ba0b1ead237c79a068","/geolayers-game/public/data/ASM/outline.geojson":"78e6b3778a07164636022fd39c2358e076aad252534e60fb0d52afb8b3ce8606","/geolayers-game/public/data/ATA/outline.geojson":"42346c55042c602b7aa2bf739ce7e26d9e459f044162b95a0394a09f6b7fdd0f","/geolayers-game/public/data/BEN/rivers_highres.geojson":"873787e591a9143341601c2a7f5defe2b6181352c356968b423246fe5dd3cfd7","/geolayers-game/public/data/ASM/cities.geojson":"c4b61bca6cd78583d274c9a4fbdb3b30a91c7ca4db86f45a4672c7e7794e4bb6"}}
[debug] [2025-10-22T19:30:50.162Z] <<< [apiv2][status] POST https://firebasehosting.googleapis.com/v1beta1/projects/236419171941/sites/geogeo-8008a/versions/da2e3c5cb28b11eb:populateFiles 200
[debug] [2025-10-22T19:30:50.163Z] <<< [apiv2][body] POST https://firebasehosting.googleapis.com/v1beta1/projects/236419171941/sites/geogeo-8008a/versions/da2e3c5cb28b11eb:populateFiles {"uploadRequiredHashes":["85d4ac374ae5263a64853885cf2cea059248a0fb47b9be9cc63cff9ae4c8f10d","15e6d3a3b2d18360d1120421259b972bf571a2e098cf4ed81e30aea8b192db9c","c7be15c8d79e81759754dd7e908aad85ebba931ed2ca95ff5f19d82a8337ec2c","008da4c845b6e996d6f656855e5a749131826d91dd3bf0c2bdf70e31df28340a","aa2a229d496702092a2da0706ebb0890462896f64153a5594271eab8177715d1","128f7c8b4816c076b79294abf98f913962b67920e1d9d4ed0ec69c448d644010","c93e090af3f51a73680241e5435cf275ba559a23caa8162b4efd09d672bd3feb","e41ecc8b4cd6a7d7f9abd58dde5b88e7a7b6ac2d0139f40aa127392293f5082c","59c6ca00b32c085f3342df9a2a188c834c1b888d8dcef8e4579a5def212c5da9","7eccacf0f454bf19074db4f945bca2fb36499f8ae7617f66fabda14972cedbda","471c8aaf462a5fd962659a00db6572062cb1bdac0f2f9ebee2458e0f05721ee7","364d6351d8ae2e8ae34b7821a5817e64020eb2c1abb43d4a9da654eca27c70ef","6ddab749110826d088a0a4b7a08aa3cbb2aa77b0c4a60c54703d23179fd594e8","9053b837389df6a552788318ef870be30c254ce54007443fd59c3a5cefce2af7","2fdc399f05769a384a27b092a3b0a7d2fd6b1339e53304f9b42f001231232fdb","c7b89ff43ee181fa6daab5622484e2338a247666e133b7a895733c62bf0989ca","a58c1b6c7b6b56b9f86922158e2ee8e01f53b345e0eac653f4b07dfd2e10a0a2","a0f2f26de9f1c674f45ade769dcfc65e5a85f27328641c4baaa52d2a34d13911","37a6f167acf7846e2d6acd55b38fa0269e2db950be08238278acc10ac550f091","68ca4428b108b8cc7bcc196dfaae6066dbc5e612db0a7d052f302a5d59573270","10a5dbc0491064304ec13afa285f3ace4ee125d9bd2c51c9d7dcbf83f91b42dc","98e2aad9c5eed0394d37816e28be60fb33e1cf93d2505f3c190146f88aedc51e","9b87833268759d4cc70dacf97b87a840cef33ad18e355457b12d4a291a4695b5","19a669c87638d98d28dfabf6af705db63e8e9139445cd321fdb87b36b267a5d1","a07f23144556a8cd1835e712e88f5406df360452c1c910b8bdaaee230746d803","ceee33d7d20c7f8893edb0d6be5e01e241fd8ff6f1f3611c9a4b2b64d771fe01","28099c1a21a58b773442b8d73804633d211d189d27141155c49227622788e2ee","b4d99ba1a967cf8009aa57bf056bb53cd67d96deed0aa34bc4fbf9fead0e1f1d","e8fe8aff0f4c1cb6364285197b8c2188463120485a6822b2d7c5e9e90f0bad78","056984796fcd0d37688edde0fa50d5d1418fe1ba8dbeaa4357c7aaa43a339cc6","8d8eb77097f675838953431f8f7a61126127eeb965d0893deba0992b50b74b43","2406342c18184ddeca58cbc1ee1fbe5bd95808961823051273c0d7a7129afb6d","b7d182d1fae18ba237d0783578e96264e3db84ae29ab71e661a6e5e08326eebd","f579072e40a4abdda8bda483245c31d13b8c9977bc41904973f78eeb521b13e5","ebace7a945be3204ff0ff58ff7899dd5d55e5ef322d4c1070c5d2d12adf2ee3a","32810e4233be3741772961c2d69e3c075270fcb2134c2a7e45f842b94df26b77","84c09eb6302cb476416bb02670ad8e3947a01228f2948ac27b9fa4bdcf7ae6d3","572f7ae8489aeca9699467ea6f3eeebeeb495dfdc8410ae9148a074df06b23c3","b8d4e7d59f100d1c204013a3578b41ad3e9bc17ea7b0820d1870c3a63913ba98","1870a2d39e6a2c742b44c9cda7a6bbf4976d8147377f695e81b60c15c9ffef33","04add1a01ee9011fc99ea53e1016f58a6584f5a0b393365362a3f5342640c1ed","605a40021594e84b0809a064f17dfc6f4f82116b1afb98ddb4a58ef0967d1af3","b6af4b3c8794edec9daacd1f8cb79867d6d615e2649c4934894f9d297301bfd7","b194a9e16502084de0949c91b9245ae861196d0c697a207b9708c95e11d4cc36","6a76c73812e74aa54573a6a6d7928b6fdbf36f7679a144f27ad6210403a17aaf","ac47ea98b262c5b0f7c4a7ed715ad421d41e85e9210ccfb3a735fce4b176d91f","2c5e78d22c67e07ea54a6043bd3f2e5dc5f351c26bb1d53aa610e51422454f5a","1b32b2ece1897298d929f24301aa559d4d317146b239878b67d5181cdf2852bf","eac61ab2130a395eabebbe0e1e35cc451b51776dbea2be46b6087897f359b2ae","18914c7ffc3ea1b5a9b008d6c0a2e92d57676b657a18c540aaef076fb172b6dd","3608af154fb573637ce04c37d3528f9176f49f9072980c1fb47d5fe8e1c467f9","36da32d95e318f19132c37d56d8f18d6f1bfdfdcc8204436622f8c302acd470f","bb7fccaa4bc6e65ce6c16d9e77bc194387d7a06c24bf6132c030c82015083fb9","af4321c19d29b1d47046325e4653672f5d97640ad55362df36e3ca508f12ffb8","37a092d4c3fd0c490788801ad80b8c97d216d55a5c9a4d32ee9bdde9855dcee3","ff6b8f6684774b7b20bf2a039f4e0ad0cfeeb7c60dd7de7dd246501f92e1f244","7ad1948658c97cb4291fafa2743a719c5b574a18fe89a2ae957019c33be5a24e","b83438f2f4419516e535931c9c504c3c23854de06d1248d9b048ccb50d67fd90","e20731715f588124346a869b4a933a277a99f53d9eaa35961212840addb50514","5f5d0fcfc5f2081cad955899258fa75ce66682a569efeee6edd2b974843fbd71","6f7c5768fec879947f140b313f2b3be214f4d6597dccb9956a0d969c96575b0b","d191d05d477f72105f53e50fe85a0c5dddc0ead430d60a96d95396743af3f1a4","0f96a146ca4a98defb70b2937be207dcd9ed13b253ae00f8fc145c5afc91710f","01bf34b8cf26a33084e6fedec204962583bc960663ecbcbb46cbdacd18ec0bb3","223aa2a2420b2ea30b5562f63b7d94a574c287392f0446e8d0ff97c398946487","4c122ec0d9abe9a8cdf173301e138664452eaf43ccc2a960206f77a5ad28f3da","30f4461f21c4b7117fa9dfe336fe9653db551a6799720948fbdca0f8cf041755","8ba5fe9e30fd8f827745baf38973552f4a2a5f6d98fa26863a1022f847648139","0233da0189f4b17192f270b94d402a2d18692ef0693e636cfab0005406af5535","3d96476764b7edcab0e89063fde90cd9f15caa51a30450302482f25927859365","de24174c19ef6997de302f424fa951b2eb2ec4e350bddc498b503daaf3626d03","0e504e144faa08b4dab9608c92e55b5e158dacffe0ee86ac5a32b6efd22e953f","733c1e271d181148fe8cfaf8f0fbfb7e8b0910f310c03e4e5a666638372ff2cd","1d63d5b043903f510e09f660618637bb9f729a723782f6883d0b513d143327ce","5bd4537b59a98fa1eecdef424eebaa78c5cd3bf2ea4aec6427d3919aae3a05cf","11fc8a84c9a2262c24572a3053b799ed0b20fa4cb527e574021cb76891cc1c29"],"uploadUrl":"https://upload-firebasehosting.googleapis.com/upload/sites/geogeo-8008a/versions/da2e3c5cb28b11eb/files"}
[debug] [2025-10-22T19:30:50.163Z] Checked if tokens are valid: true, expires at: 1761163607437
[debug] [2025-10-22T19:30:50.164Z] Checked if tokens are valid: true, expires at: 1761163607437
[debug] [2025-10-22T19:30:50.164Z] Checked if tokens are valid: true, expires at: 1761163607437
[debug] [2025-10-22T19:30:50.164Z] Checked if tokens are valid: true, expires at: 1761163607437
[debug] [2025-10-22T19:30:50.164Z] Checked if tokens are valid: true, expires at: 1761163607437
[debug] [2025-10-22T19:30:50.164Z] Checked if tokens are valid: true, expires at: 1761163607437
[debug] [2025-10-22T19:30:50.164Z] Checked if tokens are valid: true, expires at: 1761163607437
[debug] [2025-10-22T19:30:50.164Z] Checked if tokens are valid: true, expires at: 1761163607437
[debug] [2025-10-22T19:30:50.164Z] Checked if tokens are valid: true, expires at: 1761163607437
[debug] [2025-10-22T19:30:50.164Z] Checked if tokens are valid: true, expires at: 1761163607437
[debug] [2025-10-22T19:30:50.164Z] Checked if tokens are valid: true, expires at: 1761163607437
[debug] [2025-10-22T19:30:50.164Z] Checked if tokens are valid: true, expires at: 1761163607437
[debug] [2025-10-22T19:30:50.164Z] Checked if tokens are valid: true, expires at: 1761163607437
[debug] [2025-10-22T19:30:50.164Z] Checked if tokens are valid: true, expires at: 1761163607437
[debug] [2025-10-22T19:30:50.164Z] Checked if tokens are valid: true, expires at: 1761163607437
[debug] [2025-10-22T19:30:50.164Z] Checked if tokens are valid: true, expires at: 1761163607437
[debug] [2025-10-22T19:30:50.164Z] Checked if tokens are valid: true, expires at: 1761163607437
[debug] [2025-10-22T19:30:50.164Z] Checked if tokens are valid: true, expires at: 1761163607437
[debug] [2025-10-22T19:30:50.165Z] Checked if tokens are valid: true, expires at: 1761163607437
[debug] [2025-10-22T19:30:50.165Z] Checked if tokens are valid: true, expires at: 1761163607437
[debug] [2025-10-22T19:30:50.165Z] Checked if tokens are valid: true, expires at: 1761163607437
[debug] [2025-10-22T19:30:50.165Z] Checked if tokens are valid: true, expires at: 1761163607437
[debug] [2025-10-22T19:30:50.165Z] Checked if tokens are valid: true, expires at: 1761163607437
[debug] [2025-10-22T19:30:50.165Z] Checked if tokens are valid: true, expires at: 1761163607437
[debug] [2025-10-22T19:30:50.165Z] Checked if tokens are valid: true, expires at: 1761163607437
[debug] [2025-10-22T19:30:50.165Z] Checked if tokens are valid: true, expires at: 1761163607437
[debug] [2025-10-22T19:30:50.166Z] Checked if tokens are valid: true, expires at: 1761163607437
[debug] [2025-10-22T19:30:50.166Z] Checked if tokens are valid: true, expires at: 1761163607437
[debug] [2025-10-22T19:30:50.166Z] Checked if tokens are valid: true, expires at: 1761163607437
[debug] [2025-10-22T19:30:50.166Z] Checked if tokens are valid: true, expires at: 1761163607437
[debug] [2025-10-22T19:30:50.166Z] Checked if tokens are valid: true, expires at: 1761163607437
[debug] [2025-10-22T19:30:50.166Z] Checked if tokens are valid: true, expires at: 1761163607437
[debug] [2025-10-22T19:30:50.166Z] Checked if tokens are valid: true, expires at: 1761163607437
[debug] [2025-10-22T19:30:50.166Z] Checked if tokens are valid: true, expires at: 1761163607437
[debug] [2025-10-22T19:30:50.166Z] Checked if tokens are valid: true, expires at: 1761163607437
[debug] [2025-10-22T19:30:50.166Z] Checked if tokens are valid: true, expires at: 1761163607437
[debug] [2025-10-22T19:30:50.166Z] Checked if tokens are valid: true, expires at: 1761163607437
[debug] [2025-10-22T19:30:50.166Z] Checked if tokens are valid: true, expires at: 1761163607437
[debug] [2025-10-22T19:30:50.166Z] Checked if tokens are valid: true, expires at: 1761163607437
[debug] [2025-10-22T19:30:50.166Z] Checked if tokens are valid: true, expires at: 1761163607437
[debug] [2025-10-22T19:30:50.166Z] Checked if tokens are valid: true, expires at: 1761163607437
[debug] [2025-10-22T19:30:50.166Z] Checked if tokens are valid: true, expires at: 1761163607437
[debug] [2025-10-22T19:30:50.166Z] Checked if tokens are valid: true, expires at: 1761163607437
[debug] [2025-10-22T19:30:50.166Z] Checked if tokens are valid: true, expires at: 1761163607437
[debug] [2025-10-22T19:30:50.166Z] Checked if tokens are valid: true, expires at: 1761163607437
[debug] [2025-10-22T19:30:50.166Z] Checked if tokens are valid: true, expires at: 1761163607437
[debug] [2025-10-22T19:30:50.166Z] Checked if tokens are valid: true, expires at: 1761163607437
[debug] [2025-10-22T19:30:50.166Z] Checked if tokens are valid: true, expires at: 1761163607437
[debug] [2025-10-22T19:30:50.166Z] Checked if tokens are valid: true, expires at: 1761163607437
[debug] [2025-10-22T19:30:50.166Z] Checked if tokens are valid: true, expires at: 1761163607437
[debug] [2025-10-22T19:30:50.166Z] Checked if tokens are valid: true, expires at: 1761163607437
[debug] [2025-10-22T19:30:50.166Z] Checked if tokens are valid: true, expires at: 1761163607437
[debug] [2025-10-22T19:30:50.166Z] Checked if tokens are valid: true, expires at: 1761163607437
[debug] [2025-10-22T19:30:50.166Z] Checked if tokens are valid: true, expires at: 1761163607437
[debug] [2025-10-22T19:30:50.166Z] Checked if tokens are valid: true, expires at: 1761163607437
[debug] [2025-10-22T19:30:50.166Z] Checked if tokens are valid: true, expires at: 1761163607437
[debug] [2025-10-22T19:30:50.166Z] Checked if tokens are valid: true, expires at: 1761163607437
[debug] [2025-10-22T19:30:50.166Z] Checked if tokens are valid: true, expires at: 1761163607437
[debug] [2025-10-22T19:30:50.166Z] Checked if tokens are valid: true, expires at: 1761163607437
[debug] [2025-10-22T19:30:50.166Z] Checked if tokens are valid: true, expires at: 1761163607437
[debug] [2025-10-22T19:30:50.166Z] Checked if tokens are valid: true, expires at: 1761163607437
[debug] [2025-10-22T19:30:50.166Z] Checked if tokens are valid: true, expires at: 1761163607437
[debug] [2025-10-22T19:30:50.166Z] Checked if tokens are valid: true, expires at: 1761163607437
[debug] [2025-10-22T19:30:50.166Z] Checked if tokens are valid: true, expires at: 1761163607437
[debug] [2025-10-22T19:30:50.166Z] Checked if tokens are valid: true, expires at: 1761163607437
[debug] [2025-10-22T19:30:50.166Z] Checked if tokens are valid: true, expires at: 1761163607437
[debug] [2025-10-22T19:30:50.166Z] Checked if tokens are valid: true, expires at: 1761163607437
[debug] [2025-10-22T19:30:50.166Z] Checked if tokens are valid: true, expires at: 1761163607437
[debug] [2025-10-22T19:30:50.166Z] Checked if tokens are valid: true, expires at: 1761163607437
[debug] [2025-10-22T19:30:50.166Z] Checked if tokens are valid: true, expires at: 1761163607437
[debug] [2025-10-22T19:30:50.166Z] Checked if tokens are valid: true, expires at: 1761163607437
[debug] [2025-10-22T19:30:50.167Z] Checked if tokens are valid: true, expires at: 1761163607437
[debug] [2025-10-22T19:30:50.167Z] Checked if tokens are valid: true, expires at: 1761163607437
[debug] [2025-10-22T19:30:50.167Z] Checked if tokens are valid: true, expires at: 1761163607437
[debug] [2025-10-22T19:30:50.167Z] Checked if tokens are valid: true, expires at: 1761163607437
[debug] [2025-10-22T19:30:50.167Z] Checked if tokens are valid: true, expires at: 1761163607437
[debug] [2025-10-22T19:30:50.167Z] Checked if tokens are valid: true, expires at: 1761163607437
[debug] [2025-10-22T19:30:50.167Z] Checked if tokens are valid: true, expires at: 1761163607437
[debug] [2025-10-22T19:30:50.167Z] Checked if tokens are valid: true, expires at: 1761163607437
[debug] [2025-10-22T19:30:50.167Z] Checked if tokens are valid: true, expires at: 1761163607437
[debug] [2025-10-22T19:30:50.167Z] Checked if tokens are valid: true, expires at: 1761163607437
[debug] [2025-10-22T19:30:50.167Z] Checked if tokens are valid: true, expires at: 1761163607437
[debug] [2025-10-22T19:30:50.167Z] Checked if tokens are valid: true, expires at: 1761163607437
[debug] [2025-10-22T19:30:50.167Z] Checked if tokens are valid: true, expires at: 1761163607437
[debug] [2025-10-22T19:30:50.167Z] Checked if tokens are valid: true, expires at: 1761163607437
[debug] [2025-10-22T19:30:50.167Z] Checked if tokens are valid: true, expires at: 1761163607437
[debug] [2025-10-22T19:30:50.167Z] Checked if tokens are valid: true, expires at: 1761163607437
[debug] [2025-10-22T19:30:50.167Z] Checked if tokens are valid: true, expires at: 1761163607437
[debug] [2025-10-22T19:30:50.167Z] Checked if tokens are valid: true, expires at: 1761163607437
[debug] [2025-10-22T19:30:50.167Z] Checked if tokens are valid: true, expires at: 1761163607437
[debug] [2025-10-22T19:30:50.167Z] Checked if tokens are valid: true, expires at: 1761163607437
[debug] [2025-10-22T19:30:50.167Z] Checked if tokens are valid: true, expires at: 1761163607437
[debug] [2025-10-22T19:30:50.167Z] Checked if tokens are valid: true, expires at: 1761163607437
[debug] [2025-10-22T19:30:50.167Z] Checked if tokens are valid: true, expires at: 1761163607437
[debug] [2025-10-22T19:30:50.167Z] Checked if tokens are valid: true, expires at: 1761163607437
[debug] [2025-10-22T19:30:50.167Z] Checked if tokens are valid: true, expires at: 1761163607437
[debug] [2025-10-22T19:30:50.167Z] Checked if tokens are valid: true, expires at: 1761163607437
[debug] [2025-10-22T19:30:50.167Z] Checked if tokens are valid: true, expires at: 1761163607437
[debug] [2025-10-22T19:30:50.167Z] Checked if tokens are valid: true, expires at: 1761163607437
[debug] [2025-10-22T19:30:50.167Z] Checked if tokens are valid: true, expires at: 1761163607437
[debug] [2025-10-22T19:30:50.167Z] Checked if tokens are valid: true, expires at: 1761163607437
[debug] [2025-10-22T19:30:50.167Z] Checked if tokens are valid: true, expires at: 1761163607437
[debug] [2025-10-22T19:30:50.167Z] Checked if tokens are valid: true, expires at: 1761163607437
[debug] [2025-10-22T19:30:50.167Z] Checked if tokens are valid: true, expires at: 1761163607437
[debug] [2025-10-22T19:30:50.167Z] Checked if tokens are valid: true, expires at: 1761163607437
[debug] [2025-10-22T19:30:50.167Z] Checked if tokens are valid: true, expires at: 1761163607437
[debug] [2025-10-22T19:30:50.167Z] Checked if tokens are valid: true, expires at: 1761163607437
[debug] [2025-10-22T19:30:50.167Z] Checked if tokens are valid: true, expires at: 1761163607437
[debug] [2025-10-22T19:30:50.167Z] Checked if tokens are valid: true, expires at: 1761163607437
[debug] [2025-10-22T19:30:50.167Z] Checked if tokens are valid: true, expires at: 1761163607437
[debug] [2025-10-22T19:30:50.167Z] Checked if tokens are valid: true, expires at: 1761163607437
[debug] [2025-10-22T19:30:50.167Z] Checked if tokens are valid: true, expires at: 1761163607437
[debug] [2025-10-22T19:30:50.167Z] Checked if tokens are valid: true, expires at: 1761163607437
[debug] [2025-10-22T19:30:50.167Z] Checked if tokens are valid: true, expires at: 1761163607437
[debug] [2025-10-22T19:30:50.167Z] Checked if tokens are valid: true, expires at: 1761163607437
[debug] [2025-10-22T19:30:50.167Z] Checked if tokens are valid: true, expires at: 1761163607437
[debug] [2025-10-22T19:30:50.167Z] Checked if tokens are valid: true, expires at: 1761163607437
[debug] [2025-10-22T19:30:50.167Z] Checked if tokens are valid: true, expires at: 1761163607437
[debug] [2025-10-22T19:30:50.167Z] Checked if tokens are valid: true, expires at: 1761163607437
[debug] [2025-10-22T19:30:50.167Z] Checked if tokens are valid: true, expires at: 1761163607437
[debug] [2025-10-22T19:30:50.167Z] Checked if tokens are valid: true, expires at: 1761163607437
[debug] [2025-10-22T19:30:50.167Z] Checked if tokens are valid: true, expires at: 1761163607437
[debug] [2025-10-22T19:30:50.167Z] Checked if tokens are valid: true, expires at: 1761163607437
[debug] [2025-10-22T19:30:50.167Z] Checked if tokens are valid: true, expires at: 1761163607437
[debug] [2025-10-22T19:30:50.167Z] Checked if tokens are valid: true, expires at: 1761163607437
[debug] [2025-10-22T19:30:50.167Z] Checked if tokens are valid: true, expires at: 1761163607437
[debug] [2025-10-22T19:30:50.167Z] Checked if tokens are valid: true, expires at: 1761163607437
[debug] [2025-10-22T19:30:50.167Z] Checked if tokens are valid: true, expires at: 1761163607437
[debug] [2025-10-22T19:30:50.167Z] Checked if tokens are valid: true, expires at: 1761163607437
[debug] [2025-10-22T19:30:50.167Z] Checked if tokens are valid: true, expires at: 1761163607437
[debug] [2025-10-22T19:30:50.167Z] Checked if tokens are valid: true, expires at: 1761163607437
[debug] [2025-10-22T19:30:50.167Z] Checked if tokens are valid: true, expires at: 1761163607437
[debug] [2025-10-22T19:30:50.167Z] Checked if tokens are valid: true, expires at: 1761163607437
[debug] [2025-10-22T19:30:50.168Z] Checked if tokens are valid: true, expires at: 1761163607437
[debug] [2025-10-22T19:30:50.168Z] Checked if tokens are valid: true, expires at: 1761163607437
[debug] [2025-10-22T19:30:50.168Z] Checked if tokens are valid: true, expires at: 1761163607437
[debug] [2025-10-22T19:30:50.168Z] Checked if tokens are valid: true, expires at: 1761163607437
[debug] [2025-10-22T19:30:50.168Z] Checked if tokens are valid: true, expires at: 1761163607437
[debug] [2025-10-22T19:30:50.168Z] Checked if tokens are valid: true, expires at: 1761163607437
[debug] [2025-10-22T19:30:50.168Z] Checked if tokens are valid: true, expires at: 1761163607437
[debug] [2025-10-22T19:30:50.168Z] Checked if tokens are valid: true, expires at: 1761163607437
[debug] [2025-10-22T19:30:50.168Z] Checked if tokens are valid: true, expires at: 1761163607437
[debug] [2025-10-22T19:30:50.168Z] Checked if tokens are valid: true, expires at: 1761163607437
[debug] [2025-10-22T19:30:50.168Z] Checked if tokens are valid: true, expires at: 1761163607437
[debug] [2025-10-22T19:30:50.168Z] Checked if tokens are valid: true, expires at: 1761163607437
[debug] [2025-10-22T19:30:50.168Z] Checked if tokens are valid: true, expires at: 1761163607437
[debug] [2025-10-22T19:30:50.168Z] Checked if tokens are valid: true, expires at: 1761163607437
[debug] [2025-10-22T19:30:50.168Z] Checked if tokens are valid: true, expires at: 1761163607437
[debug] [2025-10-22T19:30:50.168Z] Checked if tokens are valid: true, expires at: 1761163607437
[debug] [2025-10-22T19:30:50.168Z] Checked if tokens are valid: true, expires at: 1761163607437
[debug] [2025-10-22T19:30:50.168Z] Checked if tokens are valid: true, expires at: 1761163607437
[debug] [2025-10-22T19:30:50.168Z] Checked if tokens are valid: true, expires at: 1761163607437
[debug] [2025-10-22T19:30:50.168Z] >>> [apiv2][query] POST https://upload-firebasehosting.googleapis.com/upload/sites/geogeo-8008a/versions/da2e3c5cb28b11eb/files/85d4ac374ae5263a64853885cf2cea059248a0fb47b9be9cc63cff9ae4c8f10d [none]
[debug] [2025-10-22T19:30:50.168Z] >>> [apiv2][body] POST https://upload-firebasehosting.googleapis.com/upload/sites/geogeo-8008a/versions/da2e3c5cb28b11eb/files/85d4ac374ae5263a64853885cf2cea059248a0fb47b9be9cc63cff9ae4c8f10d [stream]
[debug] [2025-10-22T19:30:50.170Z] >>> [apiv2][query] POST https://upload-firebasehosting.googleapis.com/upload/sites/geogeo-8008a/versions/da2e3c5cb28b11eb/files/15e6d3a3b2d18360d1120421259b972bf571a2e098cf4ed81e30aea8b192db9c [none]
[debug] [2025-10-22T19:30:50.170Z] >>> [apiv2][body] POST https://upload-firebasehosting.googleapis.com/upload/sites/geogeo-8008a/versions/da2e3c5cb28b11eb/files/15e6d3a3b2d18360d1120421259b972bf571a2e098cf4ed81e30aea8b192db9c [stream]
[debug] [2025-10-22T19:30:50.171Z] >>> [apiv2][query] POST https://upload-firebasehosting.googleapis.com/upload/sites/geogeo-8008a/versions/da2e3c5cb28b11eb/files/c7be15c8d79e81759754dd7e908aad85ebba931ed2ca95ff5f19d82a8337ec2c [none]
[debug] [2025-10-22T19:30:50.171Z] >>> [apiv2][body] POST https://upload-firebasehosting.googleapis.com/upload/sites/geogeo-8008a/versions/da2e3c5cb28b11eb/files/c7be15c8d79e81759754dd7e908aad85ebba931ed2ca95ff5f19d82a8337ec2c [stream]
[debug] [2025-10-22T19:30:50.172Z] >>> [apiv2][query] POST https://upload-firebasehosting.googleapis.com/upload/sites/geogeo-8008a/versions/da2e3c5cb28b11eb/files/008da4c845b6e996d6f656855e5a749131826d91dd3bf0c2bdf70e31df28340a [none]
[debug] [2025-10-22T19:30:50.172Z] >>> [apiv2][body] POST https://upload-firebasehosting.googleapis.com/upload/sites/geogeo-8008a/versions/da2e3c5cb28b11eb/files/008da4c845b6e996d6f656855e5a749131826d91dd3bf0c2bdf70e31df28340a [stream]
[debug] [2025-10-22T19:30:50.172Z] >>> [apiv2][query] POST https://upload-firebasehosting.googleapis.com/upload/sites/geogeo-8008a/versions/da2e3c5cb28b11eb/files/aa2a229d496702092a2da0706ebb0890462896f64153a5594271eab8177715d1 [none]
[debug] [2025-10-22T19:30:50.172Z] >>> [apiv2][body] POST https://upload-firebasehosting.googleapis.com/upload/sites/geogeo-8008a/versions/da2e3c5cb28b11eb/files/aa2a229d496702092a2da0706ebb0890462896f64153a5594271eab8177715d1 [stream]
[debug] [2025-10-22T19:30:50.173Z] >>> [apiv2][query] POST https://upload-firebasehosting.googleapis.com/upload/sites/geogeo-8008a/versions/da2e3c5cb28b11eb/files/128f7c8b4816c076b79294abf98f913962b67920e1d9d4ed0ec69c448d644010 [none]
[debug] [2025-10-22T19:30:50.173Z] >>> [apiv2][body] POST https://upload-firebasehosting.googleapis.com/upload/sites/geogeo-8008a/versions/da2e3c5cb28b11eb/files/128f7c8b4816c076b79294abf98f913962b67920e1d9d4ed0ec69c448d644010 [stream]
[debug] [2025-10-22T19:30:50.173Z] >>> [apiv2][query] POST https://upload-firebasehosting.googleapis.com/upload/sites/geogeo-8008a/versions/da2e3c5cb28b11eb/files/c93e090af3f51a73680241e5435cf275ba559a23caa8162b4efd09d672bd3feb [none]
[debug] [2025-10-22T19:30:50.173Z] >>> [apiv2][body] POST https://upload-firebasehosting.googleapis.com/upload/sites/geogeo-8008a/versions/da2e3c5cb28b11eb/files/c93e090af3f51a73680241e5435cf275ba559a23caa8162b4efd09d672bd3feb [stream]
[debug] [2025-10-22T19:30:50.173Z] >>> [apiv2][query] POST https://upload-firebasehosting.googleapis.com/upload/sites/geogeo-8008a/versions/da2e3c5cb28b11eb/files/e41ecc8b4cd6a7d7f9abd58dde5b88e7a7b6ac2d0139f40aa127392293f5082c [none]
[debug] [2025-10-22T19:30:50.173Z] >>> [apiv2][body] POST https://upload-firebasehosting.googleapis.com/upload/sites/geogeo-8008a/versions/da2e3c5cb28b11eb/files/e41ecc8b4cd6a7d7f9abd58dde5b88e7a7b6ac2d0139f40aa127392293f5082c [stream]
[debug] [2025-10-22T19:30:50.174Z] >>> [apiv2][query] POST https://upload-firebasehosting.googleapis.com/upload/sites/geogeo-8008a/versions/da2e3c5cb28b11eb/files/59c6ca00b32c085f3342df9a2a188c834c1b888d8dcef8e4579a5def212c5da9 [none]
[debug] [2025-10-22T19:30:50.174Z] >>> [apiv2][body] POST https://upload-firebasehosting.googleapis.com/upload/sites/geogeo-8008a/versions/da2e3c5cb28b11eb/files/59c6ca00b32c085f3342df9a2a188c834c1b888d8dcef8e4579a5def212c5da9 [stream]
[debug] [2025-10-22T19:30:50.174Z] >>> [apiv2][query] POST https://upload-firebasehosting.googleapis.com/upload/sites/geogeo-8008a/versions/da2e3c5cb28b11eb/files/7eccacf0f454bf19074db4f945bca2fb36499f8ae7617f66fabda14972cedbda [none]
[debug] [2025-10-22T19:30:50.174Z] >>> [apiv2][body] POST https://upload-firebasehosting.googleapis.com/upload/sites/geogeo-8008a/versions/da2e3c5cb28b11eb/files/7eccacf0f454bf19074db4f945bca2fb36499f8ae7617f66fabda14972cedbda [stream]
[debug] [2025-10-22T19:30:50.174Z] >>> [apiv2][query] POST https://upload-firebasehosting.googleapis.com/upload/sites/geogeo-8008a/versions/da2e3c5cb28b11eb/files/471c8aaf462a5fd962659a00db6572062cb1bdac0f2f9ebee2458e0f05721ee7 [none]
[debug] [2025-10-22T19:30:50.174Z] >>> [apiv2][body] POST https://upload-firebasehosting.googleapis.com/upload/sites/geogeo-8008a/versions/da2e3c5cb28b11eb/files/471c8aaf462a5fd962659a00db6572062cb1bdac0f2f9ebee2458e0f05721ee7 [stream]
[debug] [2025-10-22T19:30:50.175Z] >>> [apiv2][query] POST https://upload-firebasehosting.googleapis.com/upload/sites/geogeo-8008a/versions/da2e3c5cb28b11eb/files/364d6351d8ae2e8ae34b7821a5817e64020eb2c1abb43d4a9da654eca27c70ef [none]
[debug] [2025-10-22T19:30:50.175Z] >>> [apiv2][body] POST https://upload-firebasehosting.googleapis.com/upload/sites/geogeo-8008a/versions/da2e3c5cb28b11eb/files/364d6351d8ae2e8ae34b7821a5817e64020eb2c1abb43d4a9da654eca27c70ef [stream]
[debug] [2025-10-22T19:30:50.175Z] >>> [apiv2][query] POST https://upload-firebasehosting.googleapis.com/upload/sites/geogeo-8008a/versions/da2e3c5cb28b11eb/files/6ddab749110826d088a0a4b7a08aa3cbb2aa77b0c4a60c54703d23179fd594e8 [none]
[debug] [2025-10-22T19:30:50.175Z] >>> [apiv2][body] POST https://upload-firebasehosting.googleapis.com/upload/sites/geogeo-8008a/versions/da2e3c5cb28b11eb/files/6ddab749110826d088a0a4b7a08aa3cbb2aa77b0c4a60c54703d23179fd594e8 [stream]
[debug] [2025-10-22T19:30:50.175Z] >>> [apiv2][query] POST https://upload-firebasehosting.googleapis.com/upload/sites/geogeo-8008a/versions/da2e3c5cb28b11eb/files/9053b837389df6a552788318ef870be30c254ce54007443fd59c3a5cefce2af7 [none]
[debug] [2025-10-22T19:30:50.175Z] >>> [apiv2][body] POST https://upload-firebasehosting.googleapis.com/upload/sites/geogeo-8008a/versions/da2e3c5cb28b11eb/files/9053b837389df6a552788318ef870be30c254ce54007443fd59c3a5cefce2af7 [stream]
[debug] [2025-10-22T19:30:50.176Z] >>> [apiv2][query] POST https://upload-firebasehosting.googleapis.com/upload/sites/geogeo-8008a/versions/da2e3c5cb28b11eb/files/2fdc399f05769a384a27b092a3b0a7d2fd6b1339e53304f9b42f001231232fdb [none]
[debug] [2025-10-22T19:30:50.176Z] >>> [apiv2][body] POST https://upload-firebasehosting.googleapis.com/upload/sites/geogeo-8008a/versions/da2e3c5cb28b11eb/files/2fdc399f05769a384a27b092a3b0a7d2fd6b1339e53304f9b42f001231232fdb [stream]
[debug] [2025-10-22T19:30:50.176Z] >>> [apiv2][query] POST https://upload-firebasehosting.googleapis.com/upload/sites/geogeo-8008a/versions/da2e3c5cb28b11eb/files/c7b89ff43ee181fa6daab5622484e2338a247666e133b7a895733c62bf0989ca [none]
[debug] [2025-10-22T19:30:50.176Z] >>> [apiv2][body] POST https://upload-firebasehosting.googleapis.com/upload/sites/geogeo-8008a/versions/da2e3c5cb28b11eb/files/c7b89ff43ee181fa6daab5622484e2338a247666e133b7a895733c62bf0989ca [stream]
[debug] [2025-10-22T19:30:50.176Z] >>> [apiv2][query] POST https://upload-firebasehosting.googleapis.com/upload/sites/geogeo-8008a/versions/da2e3c5cb28b11eb/files/a58c1b6c7b6b56b9f86922158e2ee8e01f53b345e0eac653f4b07dfd2e10a0a2 [none]
[debug] [2025-10-22T19:30:50.176Z] >>> [apiv2][body] POST https://upload-firebasehosting.googleapis.com/upload/sites/geogeo-8008a/versions/da2e3c5cb28b11eb/files/a58c1b6c7b6b56b9f86922158e2ee8e01f53b345e0eac653f4b07dfd2e10a0a2 [stream]
[debug] [2025-10-22T19:30:50.176Z] >>> [apiv2][query] POST https://upload-firebasehosting.googleapis.com/upload/sites/geogeo-8008a/versions/da2e3c5cb28b11eb/files/a0f2f26de9f1c674f45ade769dcfc65e5a85f27328641c4baaa52d2a34d13911 [none]
[debug] [2025-10-22T19:30:50.176Z] >>> [apiv2][body] POST https://upload-firebasehosting.googleapis.com/upload/sites/geogeo-8008a/versions/da2e3c5cb28b11eb/files/a0f2f26de9f1c674f45ade769dcfc65e5a85f27328641c4baaa52d2a34d13911 [stream]
[debug] [2025-10-22T19:30:50.177Z] >>> [apiv2][query] POST https://upload-firebasehosting.googleapis.com/upload/sites/geogeo-8008a/versions/da2e3c5cb28b11eb/files/37a6f167acf7846e2d6acd55b38fa0269e2db950be08238278acc10ac550f091 [none]
[debug] [2025-10-22T19:30:50.177Z] >>> [apiv2][body] POST https://upload-firebasehosting.googleapis.com/upload/sites/geogeo-8008a/versions/da2e3c5cb28b11eb/files/37a6f167acf7846e2d6acd55b38fa0269e2db950be08238278acc10ac550f091 [stream]
[debug] [2025-10-22T19:30:50.177Z] >>> [apiv2][query] POST https://upload-firebasehosting.googleapis.com/upload/sites/geogeo-8008a/versions/da2e3c5cb28b11eb/files/68ca4428b108b8cc7bcc196dfaae6066dbc5e612db0a7d052f302a5d59573270 [none]
[debug] [2025-10-22T19:30:50.177Z] >>> [apiv2][body] POST https://upload-firebasehosting.googleapis.com/upload/sites/geogeo-8008a/versions/da2e3c5cb28b11eb/files/68ca4428b108b8cc7bcc196dfaae6066dbc5e612db0a7d052f302a5d59573270 [stream]
[debug] [2025-10-22T19:30:50.179Z] >>> [apiv2][query] POST https://upload-firebasehosting.googleapis.com/upload/sites/geogeo-8008a/versions/da2e3c5cb28b11eb/files/10a5dbc0491064304ec13afa285f3ace4ee125d9bd2c51c9d7dcbf83f91b42dc [none]
[debug] [2025-10-22T19:30:50.179Z] >>> [apiv2][body] POST https://upload-firebasehosting.googleapis.com/upload/sites/geogeo-8008a/versions/da2e3c5cb28b11eb/files/10a5dbc0491064304ec13afa285f3ace4ee125d9bd2c51c9d7dcbf83f91b42dc [stream]
[debug] [2025-10-22T19:30:50.179Z] >>> [apiv2][query] POST https://upload-firebasehosting.googleapis.com/upload/sites/geogeo-8008a/versions/da2e3c5cb28b11eb/files/98e2aad9c5eed0394d37816e28be60fb33e1cf93d2505f3c190146f88aedc51e [none]
[debug] [2025-10-22T19:30:50.179Z] >>> [apiv2][body] POST https://upload-firebasehosting.googleapis.com/upload/sites/geogeo-8008a/versions/da2e3c5cb28b11eb/files/98e2aad9c5eed0394d37816e28be60fb33e1cf93d2505f3c190146f88aedc51e [stream]
[debug] [2025-10-22T19:30:50.180Z] >>> [apiv2][query] POST https://upload-firebasehosting.googleapis.com/upload/sites/geogeo-8008a/versions/da2e3c5cb28b11eb/files/9b87833268759d4cc70dacf97b87a840cef33ad18e355457b12d4a291a4695b5 [none]
[debug] [2025-10-22T19:30:50.180Z] >>> [apiv2][body] POST https://upload-firebasehosting.googleapis.com/upload/sites/geogeo-8008a/versions/da2e3c5cb28b11eb/files/9b87833268759d4cc70dacf97b87a840cef33ad18e355457b12d4a291a4695b5 [stream]
[debug] [2025-10-22T19:30:50.181Z] >>> [apiv2][query] POST https://upload-firebasehosting.googleapis.com/upload/sites/geogeo-8008a/versions/da2e3c5cb28b11eb/files/19a669c87638d98d28dfabf6af705db63e8e9139445cd321fdb87b36b267a5d1 [none]
[debug] [2025-10-22T19:30:50.181Z] >>> [apiv2][body] POST https://upload-firebasehosting.googleapis.com/upload/sites/geogeo-8008a/versions/da2e3c5cb28b11eb/files/19a669c87638d98d28dfabf6af705db63e8e9139445cd321fdb87b36b267a5d1 [stream]
[debug] [2025-10-22T19:30:50.181Z] >>> [apiv2][query] POST https://upload-firebasehosting.googleapis.com/upload/sites/geogeo-8008a/versions/da2e3c5cb28b11eb/files/a07f23144556a8cd1835e712e88f5406df360452c1c910b8bdaaee230746d803 [none]
[debug] [2025-10-22T19:30:50.182Z] >>> [apiv2][body] POST https://upload-firebasehosting.googleapis.com/upload/sites/geogeo-8008a/versions/da2e3c5cb28b11eb/files/a07f23144556a8cd1835e712e88f5406df360452c1c910b8bdaaee230746d803 [stream]
[debug] [2025-10-22T19:30:50.182Z] >>> [apiv2][query] POST https://upload-firebasehosting.googleapis.com/upload/sites/geogeo-8008a/versions/da2e3c5cb28b11eb/files/ceee33d7d20c7f8893edb0d6be5e01e241fd8ff6f1f3611c9a4b2b64d771fe01 [none]
[debug] [2025-10-22T19:30:50.182Z] >>> [apiv2][body] POST https://upload-firebasehosting.googleapis.com/upload/sites/geogeo-8008a/versions/da2e3c5cb28b11eb/files/ceee33d7d20c7f8893edb0d6be5e01e241fd8ff6f1f3611c9a4b2b64d771fe01 [stream]
[debug] [2025-10-22T19:30:50.182Z] >>> [apiv2][query] POST https://upload-firebasehosting.googleapis.com/upload/sites/geogeo-8008a/versions/da2e3c5cb28b11eb/files/28099c1a21a58b773442b8d73804633d211d189d27141155c49227622788e2ee [none]
[debug] [2025-10-22T19:30:50.182Z] >>> [apiv2][body] POST https://upload-firebasehosting.googleapis.com/upload/sites/geogeo-8008a/versions/da2e3c5cb28b11eb/files/28099c1a21a58b773442b8d73804633d211d189d27141155c49227622788e2ee [stream]
[debug] [2025-10-22T19:30:50.183Z] >>> [apiv2][query] POST https://upload-firebasehosting.googleapis.com/upload/sites/geogeo-8008a/versions/da2e3c5cb28b11eb/files/b4d99ba1a967cf8009aa57bf056bb53cd67d96deed0aa34bc4fbf9fead0e1f1d [none]
[debug] [2025-10-22T19:30:50.183Z] >>> [apiv2][body] POST https://upload-firebasehosting.googleapis.com/upload/sites/geogeo-8008a/versions/da2e3c5cb28b11eb/files/b4d99ba1a967cf8009aa57bf056bb53cd67d96deed0aa34bc4fbf9fead0e1f1d [stream]
[debug] [2025-10-22T19:30:50.183Z] >>> [apiv2][query] POST https://upload-firebasehosting.googleapis.com/upload/sites/geogeo-8008a/versions/da2e3c5cb28b11eb/files/e8fe8aff0f4c1cb6364285197b8c2188463120485a6822b2d7c5e9e90f0bad78 [none]
[debug] [2025-10-22T19:30:50.183Z] >>> [apiv2][body] POST https://upload-firebasehosting.googleapis.com/upload/sites/geogeo-8008a/versions/da2e3c5cb28b11eb/files/e8fe8aff0f4c1cb6364285197b8c2188463120485a6822b2d7c5e9e90f0bad78 [stream]
[debug] [2025-10-22T19:30:50.183Z] >>> [apiv2][query] POST https://upload-firebasehosting.googleapis.com/upload/sites/geogeo-8008a/versions/da2e3c5cb28b11eb/files/056984796fcd0d37688edde0fa50d5d1418fe1ba8dbeaa4357c7aaa43a339cc6 [none]
[debug] [2025-10-22T19:30:50.183Z] >>> [apiv2][body] POST https://upload-firebasehosting.googleapis.com/upload/sites/geogeo-8008a/versions/da2e3c5cb28b11eb/files/056984796fcd0d37688edde0fa50d5d1418fe1ba8dbeaa4357c7aaa43a339cc6 [stream]
[debug] [2025-10-22T19:30:50.183Z] >>> [apiv2][query] POST https://upload-firebasehosting.googleapis.com/upload/sites/geogeo-8008a/versions/da2e3c5cb28b11eb/files/8d8eb77097f675838953431f8f7a61126127eeb965d0893deba0992b50b74b43 [none]
[debug] [2025-10-22T19:30:50.183Z] >>> [apiv2][body] POST https://upload-firebasehosting.googleapis.com/upload/sites/geogeo-8008a/versions/da2e3c5cb28b11eb/files/8d8eb77097f675838953431f8f7a61126127eeb965d0893deba0992b50b74b43 [stream]
[debug] [2025-10-22T19:30:50.184Z] >>> [apiv2][query] POST https://upload-firebasehosting.googleapis.com/upload/sites/geogeo-8008a/versions/da2e3c5cb28b11eb/files/2406342c18184ddeca58cbc1ee1fbe5bd95808961823051273c0d7a7129afb6d [none]
[debug] [2025-10-22T19:30:50.184Z] >>> [apiv2][body] POST https://upload-firebasehosting.googleapis.com/upload/sites/geogeo-8008a/versions/da2e3c5cb28b11eb/files/2406342c18184ddeca58cbc1ee1fbe5bd95808961823051273c0d7a7129afb6d [stream]
[debug] [2025-10-22T19:30:50.184Z] >>> [apiv2][query] POST https://upload-firebasehosting.googleapis.com/upload/sites/geogeo-8008a/versions/da2e3c5cb28b11eb/files/b7d182d1fae18ba237d0783578e96264e3db84ae29ab71e661a6e5e08326eebd [none]
[debug] [2025-10-22T19:30:50.184Z] >>> [apiv2][body] POST https://upload-firebasehosting.googleapis.com/upload/sites/geogeo-8008a/versions/da2e3c5cb28b11eb/files/b7d182d1fae18ba237d0783578e96264e3db84ae29ab71e661a6e5e08326eebd [stream]
[debug] [2025-10-22T19:30:50.184Z] >>> [apiv2][query] POST https://upload-firebasehosting.googleapis.com/upload/sites/geogeo-8008a/versions/da2e3c5cb28b11eb/files/f579072e40a4abdda8bda483245c31d13b8c9977bc41904973f78eeb521b13e5 [none]
[debug] [2025-10-22T19:30:50.184Z] >>> [apiv2][body] POST https://upload-firebasehosting.googleapis.com/upload/sites/geogeo-8008a/versions/da2e3c5cb28b11eb/files/f579072e40a4abdda8bda483245c31d13b8c9977bc41904973f78eeb521b13e5 [stream]
[debug] [2025-10-22T19:30:50.184Z] >>> [apiv2][query] POST https://upload-firebasehosting.googleapis.com/upload/sites/geogeo-8008a/versions/da2e3c5cb28b11eb/files/ebace7a945be3204ff0ff58ff7899dd5d55e5ef322d4c1070c5d2d12adf2ee3a [none]
[debug] [2025-10-22T19:30:50.184Z] >>> [apiv2][body] POST https://upload-firebasehosting.googleapis.com/upload/sites/geogeo-8008a/versions/da2e3c5cb28b11eb/files/ebace7a945be3204ff0ff58ff7899dd5d55e5ef322d4c1070c5d2d12adf2ee3a [stream]
[debug] [2025-10-22T19:30:50.184Z] >>> [apiv2][query] POST https://upload-firebasehosting.googleapis.com/upload/sites/geogeo-8008a/versions/da2e3c5cb28b11eb/files/32810e4233be3741772961c2d69e3c075270fcb2134c2a7e45f842b94df26b77 [none]
[debug] [2025-10-22T19:30:50.184Z] >>> [apiv2][body] POST https://upload-firebasehosting.googleapis.com/upload/sites/geogeo-8008a/versions/da2e3c5cb28b11eb/files/32810e4233be3741772961c2d69e3c075270fcb2134c2a7e45f842b94df26b77 [stream]
[debug] [2025-10-22T19:30:50.185Z] >>> [apiv2][query] POST https://upload-firebasehosting.googleapis.com/upload/sites/geogeo-8008a/versions/da2e3c5cb28b11eb/files/84c09eb6302cb476416bb02670ad8e3947a01228f2948ac27b9fa4bdcf7ae6d3 [none]
[debug] [2025-10-22T19:30:50.185Z] >>> [apiv2][body] POST https://upload-firebasehosting.googleapis.com/upload/sites/geogeo-8008a/versions/da2e3c5cb28b11eb/files/84c09eb6302cb476416bb02670ad8e3947a01228f2948ac27b9fa4bdcf7ae6d3 [stream]
[debug] [2025-10-22T19:30:50.185Z] >>> [apiv2][query] POST https://upload-firebasehosting.googleapis.com/upload/sites/geogeo-8008a/versions/da2e3c5cb28b11eb/files/572f7ae8489aeca9699467ea6f3eeebeeb495dfdc8410ae9148a074df06b23c3 [none]
[debug] [2025-10-22T19:30:50.185Z] >>> [apiv2][body] POST https://upload-firebasehosting.googleapis.com/upload/sites/geogeo-8008a/versions/da2e3c5cb28b11eb/files/572f7ae8489aeca9699467ea6f3eeebeeb495dfdc8410ae9148a074df06b23c3 [stream]
[debug] [2025-10-22T19:30:50.185Z] >>> [apiv2][query] POST https://upload-firebasehosting.googleapis.com/upload/sites/geogeo-8008a/versions/da2e3c5cb28b11eb/files/b8d4e7d59f100d1c204013a3578b41ad3e9bc17ea7b0820d1870c3a63913ba98 [none]
[debug] [2025-10-22T19:30:50.185Z] >>> [apiv2][body] POST https://upload-firebasehosting.googleapis.com/upload/sites/geogeo-8008a/versions/da2e3c5cb28b11eb/files/b8d4e7d59f100d1c204013a3578b41ad3e9bc17ea7b0820d1870c3a63913ba98 [stream]
[debug] [2025-10-22T19:30:50.186Z] >>> [apiv2][query] POST https://upload-firebasehosting.googleapis.com/upload/sites/geogeo-8008a/versions/da2e3c5cb28b11eb/files/1870a2d39e6a2c742b44c9cda7a6bbf4976d8147377f695e81b60c15c9ffef33 [none]
[debug] [2025-10-22T19:30:50.186Z] >>> [apiv2][body] POST https://upload-firebasehosting.googleapis.com/upload/sites/geogeo-8008a/versions/da2e3c5cb28b11eb/files/1870a2d39e6a2c742b44c9cda7a6bbf4976d8147377f695e81b60c15c9ffef33 [stream]
[debug] [2025-10-22T19:30:50.186Z] >>> [apiv2][query] POST https://upload-firebasehosting.googleapis.com/upload/sites/geogeo-8008a/versions/da2e3c5cb28b11eb/files/04add1a01ee9011fc99ea53e1016f58a6584f5a0b393365362a3f5342640c1ed [none]
[debug] [2025-10-22T19:30:50.186Z] >>> [apiv2][body] POST https://upload-firebasehosting.googleapis.com/upload/sites/geogeo-8008a/versions/da2e3c5cb28b11eb/files/04add1a01ee9011fc99ea53e1016f58a6584f5a0b393365362a3f5342640c1ed [stream]
[debug] [2025-10-22T19:30:50.186Z] >>> [apiv2][query] POST https://upload-firebasehosting.googleapis.com/upload/sites/geogeo-8008a/versions/da2e3c5cb28b11eb/files/605a40021594e84b0809a064f17dfc6f4f82116b1afb98ddb4a58ef0967d1af3 [none]
[debug] [2025-10-22T19:30:50.186Z] >>> [apiv2][body] POST https://upload-firebasehosting.googleapis.com/upload/sites/geogeo-8008a/versions/da2e3c5cb28b11eb/files/605a40021594e84b0809a064f17dfc6f4f82116b1afb98ddb4a58ef0967d1af3 [stream]
[debug] [2025-10-22T19:30:50.186Z] >>> [apiv2][query] POST https://upload-firebasehosting.googleapis.com/upload/sites/geogeo-8008a/versions/da2e3c5cb28b11eb/files/b6af4b3c8794edec9daacd1f8cb79867d6d615e2649c4934894f9d297301bfd7 [none]
[debug] [2025-10-22T19:30:50.186Z] >>> [apiv2][body] POST https://upload-firebasehosting.googleapis.com/upload/sites/geogeo-8008a/versions/da2e3c5cb28b11eb/files/b6af4b3c8794edec9daacd1f8cb79867d6d615e2649c4934894f9d297301bfd7 [stream]
[debug] [2025-10-22T19:30:50.187Z] >>> [apiv2][query] POST https://upload-firebasehosting.googleapis.com/upload/sites/geogeo-8008a/versions/da2e3c5cb28b11eb/files/b194a9e16502084de0949c91b9245ae861196d0c697a207b9708c95e11d4cc36 [none]
[debug] [2025-10-22T19:30:50.187Z] >>> [apiv2][body] POST https://upload-firebasehosting.googleapis.com/upload/sites/geogeo-8008a/versions/da2e3c5cb28b11eb/files/b194a9e16502084de0949c91b9245ae861196d0c697a207b9708c95e11d4cc36 [stream]
[debug] [2025-10-22T19:30:50.187Z] >>> [apiv2][query] POST https://upload-firebasehosting.googleapis.com/upload/sites/geogeo-8008a/versions/da2e3c5cb28b11eb/files/6a76c73812e74aa54573a6a6d7928b6fdbf36f7679a144f27ad6210403a17aaf [none]
[debug] [2025-10-22T19:30:50.187Z] >>> [apiv2][body] POST https://upload-firebasehosting.googleapis.com/upload/sites/geogeo-8008a/versions/da2e3c5cb28b11eb/files/6a76c73812e74aa54573a6a6d7928b6fdbf36f7679a144f27ad6210403a17aaf [stream]
[debug] [2025-10-22T19:30:50.187Z] >>> [apiv2][query] POST https://upload-firebasehosting.googleapis.com/upload/sites/geogeo-8008a/versions/da2e3c5cb28b11eb/files/ac47ea98b262c5b0f7c4a7ed715ad421d41e85e9210ccfb3a735fce4b176d91f [none]
[debug] [2025-10-22T19:30:50.187Z] >>> [apiv2][body] POST https://upload-firebasehosting.googleapis.com/upload/sites/geogeo-8008a/versions/da2e3c5cb28b11eb/files/ac47ea98b262c5b0f7c4a7ed715ad421d41e85e9210ccfb3a735fce4b176d91f [stream]
[debug] [2025-10-22T19:30:50.187Z] >>> [apiv2][query] POST https://upload-firebasehosting.googleapis.com/upload/sites/geogeo-8008a/versions/da2e3c5cb28b11eb/files/2c5e78d22c67e07ea54a6043bd3f2e5dc5f351c26bb1d53aa610e51422454f5a [none]
[debug] [2025-10-22T19:30:50.187Z] >>> [apiv2][body] POST https://upload-firebasehosting.googleapis.com/upload/sites/geogeo-8008a/versions/da2e3c5cb28b11eb/files/2c5e78d22c67e07ea54a6043bd3f2e5dc5f351c26bb1d53aa610e51422454f5a [stream]
[debug] [2025-10-22T19:30:50.187Z] >>> [apiv2][query] POST https://upload-firebasehosting.googleapis.com/upload/sites/geogeo-8008a/versions/da2e3c5cb28b11eb/files/1b32b2ece1897298d929f24301aa559d4d317146b239878b67d5181cdf2852bf [none]
[debug] [2025-10-22T19:30:50.187Z] >>> [apiv2][body] POST https://upload-firebasehosting.googleapis.com/upload/sites/geogeo-8008a/versions/da2e3c5cb28b11eb/files/1b32b2ece1897298d929f24301aa559d4d317146b239878b67d5181cdf2852bf [stream]
[debug] [2025-10-22T19:30:50.188Z] >>> [apiv2][query] POST https://upload-firebasehosting.googleapis.com/upload/sites/geogeo-8008a/versions/da2e3c5cb28b11eb/files/eac61ab2130a395eabebbe0e1e35cc451b51776dbea2be46b6087897f359b2ae [none]
[debug] [2025-10-22T19:30:50.188Z] >>> [apiv2][body] POST https://upload-firebasehosting.googleapis.com/upload/sites/geogeo-8008a/versions/da2e3c5cb28b11eb/files/eac61ab2130a395eabebbe0e1e35cc451b51776dbea2be46b6087897f359b2ae [stream]
[debug] [2025-10-22T19:30:50.188Z] >>> [apiv2][query] POST https://upload-firebasehosting.googleapis.com/upload/sites/geogeo-8008a/versions/da2e3c5cb28b11eb/files/18914c7ffc3ea1b5a9b008d6c0a2e92d57676b657a18c540aaef076fb172b6dd [none]
[debug] [2025-10-22T19:30:50.188Z] >>> [apiv2][body] POST https://upload-firebasehosting.googleapis.com/upload/sites/geogeo-8008a/versions/da2e3c5cb28b11eb/files/18914c7ffc3ea1b5a9b008d6c0a2e92d57676b657a18c540aaef076fb172b6dd [stream]
[debug] [2025-10-22T19:30:50.188Z] >>> [apiv2][query] POST https://upload-firebasehosting.googleapis.com/upload/sites/geogeo-8008a/versions/da2e3c5cb28b11eb/files/3608af154fb573637ce04c37d3528f9176f49f9072980c1fb47d5fe8e1c467f9 [none]
[debug] [2025-10-22T19:30:50.188Z] >>> [apiv2][body] POST https://upload-firebasehosting.googleapis.com/upload/sites/geogeo-8008a/versions/da2e3c5cb28b11eb/files/3608af154fb573637ce04c37d3528f9176f49f9072980c1fb47d5fe8e1c467f9 [stream]
[debug] [2025-10-22T19:30:50.188Z] >>> [apiv2][query] POST https://upload-firebasehosting.googleapis.com/upload/sites/geogeo-8008a/versions/da2e3c5cb28b11eb/files/36da32d95e318f19132c37d56d8f18d6f1bfdfdcc8204436622f8c302acd470f [none]
[debug] [2025-10-22T19:30:50.188Z] >>> [apiv2][body] POST https://upload-firebasehosting.googleapis.com/upload/sites/geogeo-8008a/versions/da2e3c5cb28b11eb/files/36da32d95e318f19132c37d56d8f18d6f1bfdfdcc8204436622f8c302acd470f [stream]
[debug] [2025-10-22T19:30:50.189Z] >>> [apiv2][query] POST https://upload-firebasehosting.googleapis.com/upload/sites/geogeo-8008a/versions/da2e3c5cb28b11eb/files/bb7fccaa4bc6e65ce6c16d9e77bc194387d7a06c24bf6132c030c82015083fb9 [none]
[debug] [2025-10-22T19:30:50.189Z] >>> [apiv2][body] POST https://upload-firebasehosting.googleapis.com/upload/sites/geogeo-8008a/versions/da2e3c5cb28b11eb/files/bb7fccaa4bc6e65ce6c16d9e77bc194387d7a06c24bf6132c030c82015083fb9 [stream]
[debug] [2025-10-22T19:30:50.189Z] >>> [apiv2][query] POST https://upload-firebasehosting.googleapis.com/upload/sites/geogeo-8008a/versions/da2e3c5cb28b11eb/files/af4321c19d29b1d47046325e4653672f5d97640ad55362df36e3ca508f12ffb8 [none]
[debug] [2025-10-22T19:30:50.189Z] >>> [apiv2][body] POST https://upload-firebasehosting.googleapis.com/upload/sites/geogeo-8008a/versions/da2e3c5cb28b11eb/files/af4321c19d29b1d47046325e4653672f5d97640ad55362df36e3ca508f12ffb8 [stream]
[debug] [2025-10-22T19:30:50.189Z] >>> [apiv2][query] POST https://upload-firebasehosting.googleapis.com/upload/sites/geogeo-8008a/versions/da2e3c5cb28b11eb/files/37a092d4c3fd0c490788801ad80b8c97d216d55a5c9a4d32ee9bdde9855dcee3 [none]
[debug] [2025-10-22T19:30:50.189Z] >>> [apiv2][body] POST https://upload-firebasehosting.googleapis.com/upload/sites/geogeo-8008a/versions/da2e3c5cb28b11eb/files/37a092d4c3fd0c490788801ad80b8c97d216d55a5c9a4d32ee9bdde9855dcee3 [stream]
[debug] [2025-10-22T19:30:50.189Z] >>> [apiv2][query] POST https://upload-firebasehosting.googleapis.com/upload/sites/geogeo-8008a/versions/da2e3c5cb28b11eb/files/ff6b8f6684774b7b20bf2a039f4e0ad0cfeeb7c60dd7de7dd246501f92e1f244 [none]
[debug] [2025-10-22T19:30:50.189Z] >>> [apiv2][body] POST https://upload-firebasehosting.googleapis.com/upload/sites/geogeo-8008a/versions/da2e3c5cb28b11eb/files/ff6b8f6684774b7b20bf2a039f4e0ad0cfeeb7c60dd7de7dd246501f92e1f244 [stream]
[debug] [2025-10-22T19:30:50.189Z] >>> [apiv2][query] POST https://upload-firebasehosting.googleapis.com/upload/sites/geogeo-8008a/versions/da2e3c5cb28b11eb/files/7ad1948658c97cb4291fafa2743a719c5b574a18fe89a2ae957019c33be5a24e [none]
[debug] [2025-10-22T19:30:50.189Z] >>> [apiv2][body] POST https://upload-firebasehosting.googleapis.com/upload/sites/geogeo-8008a/versions/da2e3c5cb28b11eb/files/7ad1948658c97cb4291fafa2743a719c5b574a18fe89a2ae957019c33be5a24e [stream]
[debug] [2025-10-22T19:30:50.190Z] >>> [apiv2][query] POST https://upload-firebasehosting.googleapis.com/upload/sites/geogeo-8008a/versions/da2e3c5cb28b11eb/files/b83438f2f4419516e535931c9c504c3c23854de06d1248d9b048ccb50d67fd90 [none]
[debug] [2025-10-22T19:30:50.190Z] >>> [apiv2][body] POST https://upload-firebasehosting.googleapis.com/upload/sites/geogeo-8008a/versions/da2e3c5cb28b11eb/files/b83438f2f4419516e535931c9c504c3c23854de06d1248d9b048ccb50d67fd90 [stream]
[debug] [2025-10-22T19:30:50.190Z] >>> [apiv2][query] POST https://upload-firebasehosting.googleapis.com/upload/sites/geogeo-8008a/versions/da2e3c5cb28b11eb/files/e20731715f588124346a869b4a933a277a99f53d9eaa35961212840addb50514 [none]
[debug] [2025-10-22T19:30:50.190Z] >>> [apiv2][body] POST https://upload-firebasehosting.googleapis.com/upload/sites/geogeo-8008a/versions/da2e3c5cb28b11eb/files/e20731715f588124346a869b4a933a277a99f53d9eaa35961212840addb50514 [stream]
[debug] [2025-10-22T19:30:50.190Z] >>> [apiv2][query] POST https://upload-firebasehosting.googleapis.com/upload/sites/geogeo-8008a/versions/da2e3c5cb28b11eb/files/5f5d0fcfc5f2081cad955899258fa75ce66682a569efeee6edd2b974843fbd71 [none]
[debug] [2025-10-22T19:30:50.190Z] >>> [apiv2][body] POST https://upload-firebasehosting.googleapis.com/upload/sites/geogeo-8008a/versions/da2e3c5cb28b11eb/files/5f5d0fcfc5f2081cad955899258fa75ce66682a569efeee6edd2b974843fbd71 [stream]
[debug] [2025-10-22T19:30:50.190Z] >>> [apiv2][query] POST https://upload-firebasehosting.googleapis.com/upload/sites/geogeo-8008a/versions/da2e3c5cb28b11eb/files/6f7c5768fec879947f140b313f2b3be214f4d6597dccb9956a0d969c96575b0b [none]
[debug] [2025-10-22T19:30:50.190Z] >>> [apiv2][body] POST https://upload-firebasehosting.googleapis.com/upload/sites/geogeo-8008a/versions/da2e3c5cb28b11eb/files/6f7c5768fec879947f140b313f2b3be214f4d6597dccb9956a0d969c96575b0b [stream]
[debug] [2025-10-22T19:30:50.191Z] >>> [apiv2][query] POST https://upload-firebasehosting.googleapis.com/upload/sites/geogeo-8008a/versions/da2e3c5cb28b11eb/files/d191d05d477f72105f53e50fe85a0c5dddc0ead430d60a96d95396743af3f1a4 [none]
[debug] [2025-10-22T19:30:50.191Z] >>> [apiv2][body] POST https://upload-firebasehosting.googleapis.com/upload/sites/geogeo-8008a/versions/da2e3c5cb28b11eb/files/d191d05d477f72105f53e50fe85a0c5dddc0ead430d60a96d95396743af3f1a4 [stream]
[debug] [2025-10-22T19:30:50.191Z] >>> [apiv2][query] POST https://upload-firebasehosting.googleapis.com/upload/sites/geogeo-8008a/versions/da2e3c5cb28b11eb/files/0f96a146ca4a98defb70b2937be207dcd9ed13b253ae00f8fc145c5afc91710f [none]
[debug] [2025-10-22T19:30:50.191Z] >>> [apiv2][body] POST https://upload-firebasehosting.googleapis.com/upload/sites/geogeo-8008a/versions/da2e3c5cb28b11eb/files/0f96a146ca4a98defb70b2937be207dcd9ed13b253ae00f8fc145c5afc91710f [stream]
[debug] [2025-10-22T19:30:50.191Z] >>> [apiv2][query] POST https://upload-firebasehosting.googleapis.com/upload/sites/geogeo-8008a/versions/da2e3c5cb28b11eb/files/01bf34b8cf26a33084e6fedec204962583bc960663ecbcbb46cbdacd18ec0bb3 [none]
[debug] [2025-10-22T19:30:50.191Z] >>> [apiv2][body] POST https://upload-firebasehosting.googleapis.com/upload/sites/geogeo-8008a/versions/da2e3c5cb28b11eb/files/01bf34b8cf26a33084e6fedec204962583bc960663ecbcbb46cbdacd18ec0bb3 [stream]
[debug] [2025-10-22T19:30:50.191Z] >>> [apiv2][query] POST https://upload-firebasehosting.googleapis.com/upload/sites/geogeo-8008a/versions/da2e3c5cb28b11eb/files/223aa2a2420b2ea30b5562f63b7d94a574c287392f0446e8d0ff97c398946487 [none]
[debug] [2025-10-22T19:30:50.191Z] >>> [apiv2][body] POST https://upload-firebasehosting.googleapis.com/upload/sites/geogeo-8008a/versions/da2e3c5cb28b11eb/files/223aa2a2420b2ea30b5562f63b7d94a574c287392f0446e8d0ff97c398946487 [stream]
[debug] [2025-10-22T19:30:50.191Z] >>> [apiv2][query] POST https://upload-firebasehosting.googleapis.com/upload/sites/geogeo-8008a/versions/da2e3c5cb28b11eb/files/4c122ec0d9abe9a8cdf173301e138664452eaf43ccc2a960206f77a5ad28f3da [none]
[debug] [2025-10-22T19:30:50.191Z] >>> [apiv2][body] POST https://upload-firebasehosting.googleapis.com/upload/sites/geogeo-8008a/versions/da2e3c5cb28b11eb/files/4c122ec0d9abe9a8cdf173301e138664452eaf43ccc2a960206f77a5ad28f3da [stream]
[debug] [2025-10-22T19:30:50.192Z] >>> [apiv2][query] POST https://upload-firebasehosting.googleapis.com/upload/sites/geogeo-8008a/versions/da2e3c5cb28b11eb/files/30f4461f21c4b7117fa9dfe336fe9653db551a6799720948fbdca0f8cf041755 [none]
[debug] [2025-10-22T19:30:50.192Z] >>> [apiv2][body] POST https://upload-firebasehosting.googleapis.com/upload/sites/geogeo-8008a/versions/da2e3c5cb28b11eb/files/30f4461f21c4b7117fa9dfe336fe9653db551a6799720948fbdca0f8cf041755 [stream]
[debug] [2025-10-22T19:30:50.192Z] >>> [apiv2][query] POST https://upload-firebasehosting.googleapis.com/upload/sites/geogeo-8008a/versions/da2e3c5cb28b11eb/files/8ba5fe9e30fd8f827745baf38973552f4a2a5f6d98fa26863a1022f847648139 [none]
[debug] [2025-10-22T19:30:50.192Z] >>> [apiv2][body] POST https://upload-firebasehosting.googleapis.com/upload/sites/geogeo-8008a/versions/da2e3c5cb28b11eb/files/8ba5fe9e30fd8f827745baf38973552f4a2a5f6d98fa26863a1022f847648139 [stream]
[debug] [2025-10-22T19:30:50.192Z] >>> [apiv2][query] POST https://upload-firebasehosting.googleapis.com/upload/sites/geogeo-8008a/versions/da2e3c5cb28b11eb/files/0233da0189f4b17192f270b94d402a2d18692ef0693e636cfab0005406af5535 [none]
[debug] [2025-10-22T19:30:50.192Z] >>> [apiv2][body] POST https://upload-firebasehosting.googleapis.com/upload/sites/geogeo-8008a/versions/da2e3c5cb28b11eb/files/0233da0189f4b17192f270b94d402a2d18692ef0693e636cfab0005406af5535 [stream]
[debug] [2025-10-22T19:30:50.192Z] >>> [apiv2][query] POST https://upload-firebasehosting.googleapis.com/upload/sites/geogeo-8008a/versions/da2e3c5cb28b11eb/files/3d96476764b7edcab0e89063fde90cd9f15caa51a30450302482f25927859365 [none]
[debug] [2025-10-22T19:30:50.192Z] >>> [apiv2][body] POST https://upload-firebasehosting.googleapis.com/upload/sites/geogeo-8008a/versions/da2e3c5cb28b11eb/files/3d96476764b7edcab0e89063fde90cd9f15caa51a30450302482f25927859365 [stream]
[debug] [2025-10-22T19:30:50.193Z] >>> [apiv2][query] POST https://upload-firebasehosting.googleapis.com/upload/sites/geogeo-8008a/versions/da2e3c5cb28b11eb/files/de24174c19ef6997de302f424fa951b2eb2ec4e350bddc498b503daaf3626d03 [none]
[debug] [2025-10-22T19:30:50.193Z] >>> [apiv2][body] POST https://upload-firebasehosting.googleapis.com/upload/sites/geogeo-8008a/versions/da2e3c5cb28b11eb/files/de24174c19ef6997de302f424fa951b2eb2ec4e350bddc498b503daaf3626d03 [stream]
[debug] [2025-10-22T19:30:50.193Z] >>> [apiv2][query] POST https://upload-firebasehosting.googleapis.com/upload/sites/geogeo-8008a/versions/da2e3c5cb28b11eb/files/0e504e144faa08b4dab9608c92e55b5e158dacffe0ee86ac5a32b6efd22e953f [none]
[debug] [2025-10-22T19:30:50.193Z] >>> [apiv2][body] POST https://upload-firebasehosting.googleapis.com/upload/sites/geogeo-8008a/versions/da2e3c5cb28b11eb/files/0e504e144faa08b4dab9608c92e55b5e158dacffe0ee86ac5a32b6efd22e953f [stream]
[debug] [2025-10-22T19:30:50.193Z] >>> [apiv2][query] POST https://upload-firebasehosting.googleapis.com/upload/sites/geogeo-8008a/versions/da2e3c5cb28b11eb/files/733c1e271d181148fe8cfaf8f0fbfb7e8b0910f310c03e4e5a666638372ff2cd [none]
[debug] [2025-10-22T19:30:50.193Z] >>> [apiv2][body] POST https://upload-firebasehosting.googleapis.com/upload/sites/geogeo-8008a/versions/da2e3c5cb28b11eb/files/733c1e271d181148fe8cfaf8f0fbfb7e8b0910f310c03e4e5a666638372ff2cd [stream]
[debug] [2025-10-22T19:30:50.193Z] >>> [apiv2][query] POST https://upload-firebasehosting.googleapis.com/upload/sites/geogeo-8008a/versions/da2e3c5cb28b11eb/files/1d63d5b043903f510e09f660618637bb9f729a723782f6883d0b513d143327ce [none]
[debug] [2025-10-22T19:30:50.193Z] >>> [apiv2][body] POST https://upload-firebasehosting.googleapis.com/upload/sites/geogeo-8008a/versions/da2e3c5cb28b11eb/files/1d63d5b043903f510e09f660618637bb9f729a723782f6883d0b513d143327ce [stream]
[debug] [2025-10-22T19:30:50.193Z] >>> [apiv2][query] POST https://upload-firebasehosting.googleapis.com/upload/sites/geogeo-8008a/versions/da2e3c5cb28b11eb/files/5bd4537b59a98fa1eecdef424eebaa78c5cd3bf2ea4aec6427d3919aae3a05cf [none]
[debug] [2025-10-22T19:30:50.193Z] >>> [apiv2][body] POST https://upload-firebasehosting.googleapis.com/upload/sites/geogeo-8008a/versions/da2e3c5cb28b11eb/files/5bd4537b59a98fa1eecdef424eebaa78c5cd3bf2ea4aec6427d3919aae3a05cf [stream]
[debug] [2025-10-22T19:30:50.194Z] >>> [apiv2][query] POST https://upload-firebasehosting.googleapis.com/upload/sites/geogeo-8008a/versions/da2e3c5cb28b11eb/files/11fc8a84c9a2262c24572a3053b799ed0b20fa4cb527e574021cb76891cc1c29 [none]
[debug] [2025-10-22T19:30:50.194Z] >>> [apiv2][body] POST https://upload-firebasehosting.googleapis.com/upload/sites/geogeo-8008a/versions/da2e3c5cb28b11eb/files/11fc8a84c9a2262c24572a3053b799ed0b20fa4cb527e574021cb76891cc1c29 [stream]
[debug] [2025-10-22T19:30:50.971Z] <<< [apiv2][status] POST https://upload-firebasehosting.googleapis.com/upload/sites/geogeo-8008a/versions/da2e3c5cb28b11eb/files/c93e090af3f51a73680241e5435cf275ba559a23caa8162b4efd09d672bd3feb 200
[debug] [2025-10-22T19:30:50.971Z] <<< [apiv2][body] POST https://upload-firebasehosting.googleapis.com/upload/sites/geogeo-8008a/versions/da2e3c5cb28b11eb/files/c93e090af3f51a73680241e5435cf275ba559a23caa8162b4efd09d672bd3feb [stream]
[debug] [2025-10-22T19:30:50.977Z] <<< [apiv2][status] POST https://upload-firebasehosting.googleapis.com/upload/sites/geogeo-8008a/versions/da2e3c5cb28b11eb/files/128f7c8b4816c076b79294abf98f913962b67920e1d9d4ed0ec69c448d644010 200
[debug] [2025-10-22T19:30:50.977Z] <<< [apiv2][body] POST https://upload-firebasehosting.googleapis.com/upload/sites/geogeo-8008a/versions/da2e3c5cb28b11eb/files/128f7c8b4816c076b79294abf98f913962b67920e1d9d4ed0ec69c448d644010 [stream]
[debug] [2025-10-22T19:30:50.977Z] <<< [apiv2][status] POST https://upload-firebasehosting.googleapis.com/upload/sites/geogeo-8008a/versions/da2e3c5cb28b11eb/files/85d4ac374ae5263a64853885cf2cea059248a0fb47b9be9cc63cff9ae4c8f10d 200
[debug] [2025-10-22T19:30:50.977Z] <<< [apiv2][body] POST https://upload-firebasehosting.googleapis.com/upload/sites/geogeo-8008a/versions/da2e3c5cb28b11eb/files/85d4ac374ae5263a64853885cf2cea059248a0fb47b9be9cc63cff9ae4c8f10d [stream]
[debug] [2025-10-22T19:30:50.981Z] <<< [apiv2][status] POST https://upload-firebasehosting.googleapis.com/upload/sites/geogeo-8008a/versions/da2e3c5cb28b11eb/files/15e6d3a3b2d18360d1120421259b972bf571a2e098cf4ed81e30aea8b192db9c 200
[debug] [2025-10-22T19:30:50.981Z] <<< [apiv2][body] POST https://upload-firebasehosting.googleapis.com/upload/sites/geogeo-8008a/versions/da2e3c5cb28b11eb/files/15e6d3a3b2d18360d1120421259b972bf571a2e098cf4ed81e30aea8b192db9c [stream]
[debug] [2025-10-22T19:30:50.986Z] <<< [apiv2][status] POST https://upload-firebasehosting.googleapis.com/upload/sites/geogeo-8008a/versions/da2e3c5cb28b11eb/files/aa2a229d496702092a2da0706ebb0890462896f64153a5594271eab8177715d1 200
[debug] [2025-10-22T19:30:50.986Z] <<< [apiv2][body] POST https://upload-firebasehosting.googleapis.com/upload/sites/geogeo-8008a/versions/da2e3c5cb28b11eb/files/aa2a229d496702092a2da0706ebb0890462896f64153a5594271eab8177715d1 [stream]
[debug] [2025-10-22T19:30:51.053Z] <<< [apiv2][status] POST https://upload-firebasehosting.googleapis.com/upload/sites/geogeo-8008a/versions/da2e3c5cb28b11eb/files/59c6ca00b32c085f3342df9a2a188c834c1b888d8dcef8e4579a5def212c5da9 200
[debug] [2025-10-22T19:30:51.053Z] <<< [apiv2][body] POST https://upload-firebasehosting.googleapis.com/upload/sites/geogeo-8008a/versions/da2e3c5cb28b11eb/files/59c6ca00b32c085f3342df9a2a188c834c1b888d8dcef8e4579a5def212c5da9 [stream]
[debug] [2025-10-22T19:30:51.102Z] <<< [apiv2][status] POST https://upload-firebasehosting.googleapis.com/upload/sites/geogeo-8008a/versions/da2e3c5cb28b11eb/files/7eccacf0f454bf19074db4f945bca2fb36499f8ae7617f66fabda14972cedbda 200
[debug] [2025-10-22T19:30:51.102Z] <<< [apiv2][body] POST https://upload-firebasehosting.googleapis.com/upload/sites/geogeo-8008a/versions/da2e3c5cb28b11eb/files/7eccacf0f454bf19074db4f945bca2fb36499f8ae7617f66fabda14972cedbda [stream]
[debug] [2025-10-22T19:30:51.134Z] <<< [apiv2][status] POST https://upload-firebasehosting.googleapis.com/upload/sites/geogeo-8008a/versions/da2e3c5cb28b11eb/files/6ddab749110826d088a0a4b7a08aa3cbb2aa77b0c4a60c54703d23179fd594e8 200
[debug] [2025-10-22T19:30:51.135Z] <<< [apiv2][body] POST https://upload-firebasehosting.googleapis.com/upload/sites/geogeo-8008a/versions/da2e3c5cb28b11eb/files/6ddab749110826d088a0a4b7a08aa3cbb2aa77b0c4a60c54703d23179fd594e8 [stream]
[debug] [2025-10-22T19:30:51.203Z] <<< [apiv2][status] POST https://upload-firebasehosting.googleapis.com/upload/sites/geogeo-8008a/versions/da2e3c5cb28b11eb/files/008da4c845b6e996d6f656855e5a749131826d91dd3bf0c2bdf70e31df28340a 200
[debug] [2025-10-22T19:30:51.203Z] <<< [apiv2][body] POST https://upload-firebasehosting.googleapis.com/upload/sites/geogeo-8008a/versions/da2e3c5cb28b11eb/files/008da4c845b6e996d6f656855e5a749131826d91dd3bf0c2bdf70e31df28340a [stream]
[debug] [2025-10-22T19:30:51.235Z] <<< [apiv2][status] POST https://upload-firebasehosting.googleapis.com/upload/sites/geogeo-8008a/versions/da2e3c5cb28b11eb/files/471c8aaf462a5fd962659a00db6572062cb1bdac0f2f9ebee2458e0f05721ee7 200
[debug] [2025-10-22T19:30:51.235Z] <<< [apiv2][body] POST https://upload-firebasehosting.googleapis.com/upload/sites/geogeo-8008a/versions/da2e3c5cb28b11eb/files/471c8aaf462a5fd962659a00db6572062cb1bdac0f2f9ebee2458e0f05721ee7 [stream]
[debug] [2025-10-22T19:30:51.256Z] <<< [apiv2][status] POST https://upload-firebasehosting.googleapis.com/upload/sites/geogeo-8008a/versions/da2e3c5cb28b11eb/files/c7be15c8d79e81759754dd7e908aad85ebba931ed2ca95ff5f19d82a8337ec2c 200
[debug] [2025-10-22T19:30:51.256Z] <<< [apiv2][body] POST https://upload-firebasehosting.googleapis.com/upload/sites/geogeo-8008a/versions/da2e3c5cb28b11eb/files/c7be15c8d79e81759754dd7e908aad85ebba931ed2ca95ff5f19d82a8337ec2c [stream]
[debug] [2025-10-22T19:30:51.272Z] <<< [apiv2][status] POST https://upload-firebasehosting.googleapis.com/upload/sites/geogeo-8008a/versions/da2e3c5cb28b11eb/files/364d6351d8ae2e8ae34b7821a5817e64020eb2c1abb43d4a9da654eca27c70ef 200
[debug] [2025-10-22T19:30:51.272Z] <<< [apiv2][body] POST https://upload-firebasehosting.googleapis.com/upload/sites/geogeo-8008a/versions/da2e3c5cb28b11eb/files/364d6351d8ae2e8ae34b7821a5817e64020eb2c1abb43d4a9da654eca27c70ef [stream]
[debug] [2025-10-22T19:30:51.293Z] <<< [apiv2][status] POST https://upload-firebasehosting.googleapis.com/upload/sites/geogeo-8008a/versions/da2e3c5cb28b11eb/files/9053b837389df6a552788318ef870be30c254ce54007443fd59c3a5cefce2af7 200
[debug] [2025-10-22T19:30:51.293Z] <<< [apiv2][body] POST https://upload-firebasehosting.googleapis.com/upload/sites/geogeo-8008a/versions/da2e3c5cb28b11eb/files/9053b837389df6a552788318ef870be30c254ce54007443fd59c3a5cefce2af7 [stream]
[debug] [2025-10-22T19:30:51.318Z] <<< [apiv2][status] POST https://upload-firebasehosting.googleapis.com/upload/sites/geogeo-8008a/versions/da2e3c5cb28b11eb/files/e41ecc8b4cd6a7d7f9abd58dde5b88e7a7b6ac2d0139f40aa127392293f5082c 200
[debug] [2025-10-22T19:30:51.318Z] <<< [apiv2][body] POST https://upload-firebasehosting.googleapis.com/upload/sites/geogeo-8008a/versions/da2e3c5cb28b11eb/files/e41ecc8b4cd6a7d7f9abd58dde5b88e7a7b6ac2d0139f40aa127392293f5082c [stream]
[debug] [2025-10-22T19:30:51.363Z] <<< [apiv2][status] POST https://upload-firebasehosting.googleapis.com/upload/sites/geogeo-8008a/versions/da2e3c5cb28b11eb/files/a58c1b6c7b6b56b9f86922158e2ee8e01f53b345e0eac653f4b07dfd2e10a0a2 200
[debug] [2025-10-22T19:30:51.364Z] <<< [apiv2][body] POST https://upload-firebasehosting.googleapis.com/upload/sites/geogeo-8008a/versions/da2e3c5cb28b11eb/files/a58c1b6c7b6b56b9f86922158e2ee8e01f53b345e0eac653f4b07dfd2e10a0a2 [stream]
[debug] [2025-10-22T19:30:51.364Z] <<< [apiv2][status] POST https://upload-firebasehosting.googleapis.com/upload/sites/geogeo-8008a/versions/da2e3c5cb28b11eb/files/68ca4428b108b8cc7bcc196dfaae6066dbc5e612db0a7d052f302a5d59573270 200
[debug] [2025-10-22T19:30:51.364Z] <<< [apiv2][body] POST https://upload-firebasehosting.googleapis.com/upload/sites/geogeo-8008a/versions/da2e3c5cb28b11eb/files/68ca4428b108b8cc7bcc196dfaae6066dbc5e612db0a7d052f302a5d59573270 [stream]
[debug] [2025-10-22T19:30:51.374Z] <<< [apiv2][status] POST https://upload-firebasehosting.googleapis.com/upload/sites/geogeo-8008a/versions/da2e3c5cb28b11eb/files/9b87833268759d4cc70dacf97b87a840cef33ad18e355457b12d4a291a4695b5 200
[debug] [2025-10-22T19:30:51.374Z] <<< [apiv2][body] POST https://upload-firebasehosting.googleapis.com/upload/sites/geogeo-8008a/versions/da2e3c5cb28b11eb/files/9b87833268759d4cc70dacf97b87a840cef33ad18e355457b12d4a291a4695b5 [stream]
[debug] [2025-10-22T19:30:51.377Z] <<< [apiv2][status] POST https://upload-firebasehosting.googleapis.com/upload/sites/geogeo-8008a/versions/da2e3c5cb28b11eb/files/a0f2f26de9f1c674f45ade769dcfc65e5a85f27328641c4baaa52d2a34d13911 200
[debug] [2025-10-22T19:30:51.377Z] <<< [apiv2][body] POST https://upload-firebasehosting.googleapis.com/upload/sites/geogeo-8008a/versions/da2e3c5cb28b11eb/files/a0f2f26de9f1c674f45ade769dcfc65e5a85f27328641c4baaa52d2a34d13911 [stream]
[debug] [2025-10-22T19:30:51.409Z] <<< [apiv2][status] POST https://upload-firebasehosting.googleapis.com/upload/sites/geogeo-8008a/versions/da2e3c5cb28b11eb/files/19a669c87638d98d28dfabf6af705db63e8e9139445cd321fdb87b36b267a5d1 200
[debug] [2025-10-22T19:30:51.409Z] <<< [apiv2][body] POST https://upload-firebasehosting.googleapis.com/upload/sites/geogeo-8008a/versions/da2e3c5cb28b11eb/files/19a669c87638d98d28dfabf6af705db63e8e9139445cd321fdb87b36b267a5d1 [stream]
[debug] [2025-10-22T19:30:51.459Z] <<< [apiv2][status] POST https://upload-firebasehosting.googleapis.com/upload/sites/geogeo-8008a/versions/da2e3c5cb28b11eb/files/a07f23144556a8cd1835e712e88f5406df360452c1c910b8bdaaee230746d803 200
[debug] [2025-10-22T19:30:51.460Z] <<< [apiv2][body] POST https://upload-firebasehosting.googleapis.com/upload/sites/geogeo-8008a/versions/da2e3c5cb28b11eb/files/a07f23144556a8cd1835e712e88f5406df360452c1c910b8bdaaee230746d803 [stream]
[debug] [2025-10-22T19:30:51.488Z] <<< [apiv2][status] POST https://upload-firebasehosting.googleapis.com/upload/sites/geogeo-8008a/versions/da2e3c5cb28b11eb/files/28099c1a21a58b773442b8d73804633d211d189d27141155c49227622788e2ee 200
[debug] [2025-10-22T19:30:51.488Z] <<< [apiv2][body] POST https://upload-firebasehosting.googleapis.com/upload/sites/geogeo-8008a/versions/da2e3c5cb28b11eb/files/28099c1a21a58b773442b8d73804633d211d189d27141155c49227622788e2ee [stream]
[debug] [2025-10-22T19:30:51.535Z] <<< [apiv2][status] POST https://upload-firebasehosting.googleapis.com/upload/sites/geogeo-8008a/versions/da2e3c5cb28b11eb/files/056984796fcd0d37688edde0fa50d5d1418fe1ba8dbeaa4357c7aaa43a339cc6 200
[debug] [2025-10-22T19:30:51.535Z] <<< [apiv2][body] POST https://upload-firebasehosting.googleapis.com/upload/sites/geogeo-8008a/versions/da2e3c5cb28b11eb/files/056984796fcd0d37688edde0fa50d5d1418fe1ba8dbeaa4357c7aaa43a339cc6 [stream]
[debug] [2025-10-22T19:30:51.546Z] <<< [apiv2][status] POST https://upload-firebasehosting.googleapis.com/upload/sites/geogeo-8008a/versions/da2e3c5cb28b11eb/files/b4d99ba1a967cf8009aa57bf056bb53cd67d96deed0aa34bc4fbf9fead0e1f1d 200
[debug] [2025-10-22T19:30:51.547Z] <<< [apiv2][body] POST https://upload-firebasehosting.googleapis.com/upload/sites/geogeo-8008a/versions/da2e3c5cb28b11eb/files/b4d99ba1a967cf8009aa57bf056bb53cd67d96deed0aa34bc4fbf9fead0e1f1d [stream]
[debug] [2025-10-22T19:30:51.552Z] <<< [apiv2][status] POST https://upload-firebasehosting.googleapis.com/upload/sites/geogeo-8008a/versions/da2e3c5cb28b11eb/files/2fdc399f05769a384a27b092a3b0a7d2fd6b1339e53304f9b42f001231232fdb 200
[debug] [2025-10-22T19:30:51.552Z] <<< [apiv2][body] POST https://upload-firebasehosting.googleapis.com/upload/sites/geogeo-8008a/versions/da2e3c5cb28b11eb/files/2fdc399f05769a384a27b092a3b0a7d2fd6b1339e53304f9b42f001231232fdb [stream]
[debug] [2025-10-22T19:30:51.568Z] <<< [apiv2][status] POST https://upload-firebasehosting.googleapis.com/upload/sites/geogeo-8008a/versions/da2e3c5cb28b11eb/files/c7b89ff43ee181fa6daab5622484e2338a247666e133b7a895733c62bf0989ca 200
[debug] [2025-10-22T19:30:51.568Z] <<< [apiv2][body] POST https://upload-firebasehosting.googleapis.com/upload/sites/geogeo-8008a/versions/da2e3c5cb28b11eb/files/c7b89ff43ee181fa6daab5622484e2338a247666e133b7a895733c62bf0989ca [stream]
[debug] [2025-10-22T19:30:51.656Z] <<< [apiv2][status] POST https://upload-firebasehosting.googleapis.com/upload/sites/geogeo-8008a/versions/da2e3c5cb28b11eb/files/ceee33d7d20c7f8893edb0d6be5e01e241fd8ff6f1f3611c9a4b2b64d771fe01 200
[debug] [2025-10-22T19:30:51.656Z] <<< [apiv2][body] POST https://upload-firebasehosting.googleapis.com/upload/sites/geogeo-8008a/versions/da2e3c5cb28b11eb/files/ceee33d7d20c7f8893edb0d6be5e01e241fd8ff6f1f3611c9a4b2b64d771fe01 [stream]
[debug] [2025-10-22T19:30:51.670Z] <<< [apiv2][status] POST https://upload-firebasehosting.googleapis.com/upload/sites/geogeo-8008a/versions/da2e3c5cb28b11eb/files/98e2aad9c5eed0394d37816e28be60fb33e1cf93d2505f3c190146f88aedc51e 200
[debug] [2025-10-22T19:30:51.670Z] <<< [apiv2][body] POST https://upload-firebasehosting.googleapis.com/upload/sites/geogeo-8008a/versions/da2e3c5cb28b11eb/files/98e2aad9c5eed0394d37816e28be60fb33e1cf93d2505f3c190146f88aedc51e [stream]
[debug] [2025-10-22T19:30:51.679Z] <<< [apiv2][status] POST https://upload-firebasehosting.googleapis.com/upload/sites/geogeo-8008a/versions/da2e3c5cb28b11eb/files/e8fe8aff0f4c1cb6364285197b8c2188463120485a6822b2d7c5e9e90f0bad78 200
[debug] [2025-10-22T19:30:51.679Z] <<< [apiv2][body] POST https://upload-firebasehosting.googleapis.com/upload/sites/geogeo-8008a/versions/da2e3c5cb28b11eb/files/e8fe8aff0f4c1cb6364285197b8c2188463120485a6822b2d7c5e9e90f0bad78 [stream]
[debug] [2025-10-22T19:30:51.699Z] <<< [apiv2][status] POST https://upload-firebasehosting.googleapis.com/upload/sites/geogeo-8008a/versions/da2e3c5cb28b11eb/files/10a5dbc0491064304ec13afa285f3ace4ee125d9bd2c51c9d7dcbf83f91b42dc 200
[debug] [2025-10-22T19:30:51.699Z] <<< [apiv2][body] POST https://upload-firebasehosting.googleapis.com/upload/sites/geogeo-8008a/versions/da2e3c5cb28b11eb/files/10a5dbc0491064304ec13afa285f3ace4ee125d9bd2c51c9d7dcbf83f91b42dc [stream]
[debug] [2025-10-22T19:30:51.740Z] <<< [apiv2][status] POST https://upload-firebasehosting.googleapis.com/upload/sites/geogeo-8008a/versions/da2e3c5cb28b11eb/files/8d8eb77097f675838953431f8f7a61126127eeb965d0893deba0992b50b74b43 200
[debug] [2025-10-22T19:30:51.741Z] <<< [apiv2][body] POST https://upload-firebasehosting.googleapis.com/upload/sites/geogeo-8008a/versions/da2e3c5cb28b11eb/files/8d8eb77097f675838953431f8f7a61126127eeb965d0893deba0992b50b74b43 [stream]
[debug] [2025-10-22T19:30:51.799Z] <<< [apiv2][status] POST https://upload-firebasehosting.googleapis.com/upload/sites/geogeo-8008a/versions/da2e3c5cb28b11eb/files/b7d182d1fae18ba237d0783578e96264e3db84ae29ab71e661a6e5e08326eebd 200
[debug] [2025-10-22T19:30:51.799Z] <<< [apiv2][body] POST https://upload-firebasehosting.googleapis.com/upload/sites/geogeo-8008a/versions/da2e3c5cb28b11eb/files/b7d182d1fae18ba237d0783578e96264e3db84ae29ab71e661a6e5e08326eebd [stream]
[debug] [2025-10-22T19:30:51.834Z] <<< [apiv2][status] POST https://upload-firebasehosting.googleapis.com/upload/sites/geogeo-8008a/versions/da2e3c5cb28b11eb/files/572f7ae8489aeca9699467ea6f3eeebeeb495dfdc8410ae9148a074df06b23c3 200
[debug] [2025-10-22T19:30:51.834Z] <<< [apiv2][body] POST https://upload-firebasehosting.googleapis.com/upload/sites/geogeo-8008a/versions/da2e3c5cb28b11eb/files/572f7ae8489aeca9699467ea6f3eeebeeb495dfdc8410ae9148a074df06b23c3 [stream]
[debug] [2025-10-22T19:30:51.869Z] <<< [apiv2][status] POST https://upload-firebasehosting.googleapis.com/upload/sites/geogeo-8008a/versions/da2e3c5cb28b11eb/files/2406342c18184ddeca58cbc1ee1fbe5bd95808961823051273c0d7a7129afb6d 200
[debug] [2025-10-22T19:30:51.869Z] <<< [apiv2][body] POST https://upload-firebasehosting.googleapis.com/upload/sites/geogeo-8008a/versions/da2e3c5cb28b11eb/files/2406342c18184ddeca58cbc1ee1fbe5bd95808961823051273c0d7a7129afb6d [stream]
[debug] [2025-10-22T19:30:51.875Z] <<< [apiv2][status] POST https://upload-firebasehosting.googleapis.com/upload/sites/geogeo-8008a/versions/da2e3c5cb28b11eb/files/04add1a01ee9011fc99ea53e1016f58a6584f5a0b393365362a3f5342640c1ed 200
[debug] [2025-10-22T19:30:51.875Z] <<< [apiv2][body] POST https://upload-firebasehosting.googleapis.com/upload/sites/geogeo-8008a/versions/da2e3c5cb28b11eb/files/04add1a01ee9011fc99ea53e1016f58a6584f5a0b393365362a3f5342640c1ed [stream]
[debug] [2025-10-22T19:30:51.933Z] <<< [apiv2][status] POST https://upload-firebasehosting.googleapis.com/upload/sites/geogeo-8008a/versions/da2e3c5cb28b11eb/files/32810e4233be3741772961c2d69e3c075270fcb2134c2a7e45f842b94df26b77 200
[debug] [2025-10-22T19:30:51.933Z] <<< [apiv2][body] POST https://upload-firebasehosting.googleapis.com/upload/sites/geogeo-8008a/versions/da2e3c5cb28b11eb/files/32810e4233be3741772961c2d69e3c075270fcb2134c2a7e45f842b94df26b77 [stream]
[debug] [2025-10-22T19:30:51.942Z] <<< [apiv2][status] POST https://upload-firebasehosting.googleapis.com/upload/sites/geogeo-8008a/versions/da2e3c5cb28b11eb/files/84c09eb6302cb476416bb02670ad8e3947a01228f2948ac27b9fa4bdcf7ae6d3 200
[debug] [2025-10-22T19:30:51.942Z] <<< [apiv2][body] POST https://upload-firebasehosting.googleapis.com/upload/sites/geogeo-8008a/versions/da2e3c5cb28b11eb/files/84c09eb6302cb476416bb02670ad8e3947a01228f2948ac27b9fa4bdcf7ae6d3 [stream]
[debug] [2025-10-22T19:30:51.949Z] <<< [apiv2][status] POST https://upload-firebasehosting.googleapis.com/upload/sites/geogeo-8008a/versions/da2e3c5cb28b11eb/files/f579072e40a4abdda8bda483245c31d13b8c9977bc41904973f78eeb521b13e5 200
[debug] [2025-10-22T19:30:51.949Z] <<< [apiv2][body] POST https://upload-firebasehosting.googleapis.com/upload/sites/geogeo-8008a/versions/da2e3c5cb28b11eb/files/f579072e40a4abdda8bda483245c31d13b8c9977bc41904973f78eeb521b13e5 [stream]
[debug] [2025-10-22T19:30:51.992Z] <<< [apiv2][status] POST https://upload-firebasehosting.googleapis.com/upload/sites/geogeo-8008a/versions/da2e3c5cb28b11eb/files/ac47ea98b262c5b0f7c4a7ed715ad421d41e85e9210ccfb3a735fce4b176d91f 200
[debug] [2025-10-22T19:30:51.992Z] <<< [apiv2][body] POST https://upload-firebasehosting.googleapis.com/upload/sites/geogeo-8008a/versions/da2e3c5cb28b11eb/files/ac47ea98b262c5b0f7c4a7ed715ad421d41e85e9210ccfb3a735fce4b176d91f [stream]
[debug] [2025-10-22T19:30:52.025Z] <<< [apiv2][status] POST https://upload-firebasehosting.googleapis.com/upload/sites/geogeo-8008a/versions/da2e3c5cb28b11eb/files/1870a2d39e6a2c742b44c9cda7a6bbf4976d8147377f695e81b60c15c9ffef33 200
[debug] [2025-10-22T19:30:52.025Z] <<< [apiv2][body] POST https://upload-firebasehosting.googleapis.com/upload/sites/geogeo-8008a/versions/da2e3c5cb28b11eb/files/1870a2d39e6a2c742b44c9cda7a6bbf4976d8147377f695e81b60c15c9ffef33 [stream]
[debug] [2025-10-22T19:30:52.089Z] <<< [apiv2][status] POST https://upload-firebasehosting.googleapis.com/upload/sites/geogeo-8008a/versions/da2e3c5cb28b11eb/files/605a40021594e84b0809a064f17dfc6f4f82116b1afb98ddb4a58ef0967d1af3 200
[debug] [2025-10-22T19:30:52.089Z] <<< [apiv2][body] POST https://upload-firebasehosting.googleapis.com/upload/sites/geogeo-8008a/versions/da2e3c5cb28b11eb/files/605a40021594e84b0809a064f17dfc6f4f82116b1afb98ddb4a58ef0967d1af3 [stream]
[debug] [2025-10-22T19:30:52.092Z] <<< [apiv2][status] POST https://upload-firebasehosting.googleapis.com/upload/sites/geogeo-8008a/versions/da2e3c5cb28b11eb/files/b6af4b3c8794edec9daacd1f8cb79867d6d615e2649c4934894f9d297301bfd7 200
[debug] [2025-10-22T19:30:52.092Z] <<< [apiv2][body] POST https://upload-firebasehosting.googleapis.com/upload/sites/geogeo-8008a/versions/da2e3c5cb28b11eb/files/b6af4b3c8794edec9daacd1f8cb79867d6d615e2649c4934894f9d297301bfd7 [stream]
[debug] [2025-10-22T19:30:52.096Z] <<< [apiv2][status] POST https://upload-firebasehosting.googleapis.com/upload/sites/geogeo-8008a/versions/da2e3c5cb28b11eb/files/eac61ab2130a395eabebbe0e1e35cc451b51776dbea2be46b6087897f359b2ae 200
[debug] [2025-10-22T19:30:52.097Z] <<< [apiv2][body] POST https://upload-firebasehosting.googleapis.com/upload/sites/geogeo-8008a/versions/da2e3c5cb28b11eb/files/eac61ab2130a395eabebbe0e1e35cc451b51776dbea2be46b6087897f359b2ae [stream]
[debug] [2025-10-22T19:30:52.161Z] <<< [apiv2][status] POST https://upload-firebasehosting.googleapis.com/upload/sites/geogeo-8008a/versions/da2e3c5cb28b11eb/files/18914c7ffc3ea1b5a9b008d6c0a2e92d57676b657a18c540aaef076fb172b6dd 200
[debug] [2025-10-22T19:30:52.161Z] <<< [apiv2][body] POST https://upload-firebasehosting.googleapis.com/upload/sites/geogeo-8008a/versions/da2e3c5cb28b11eb/files/18914c7ffc3ea1b5a9b008d6c0a2e92d57676b657a18c540aaef076fb172b6dd [stream]
[debug] [2025-10-22T19:30:52.206Z] <<< [apiv2][status] POST https://upload-firebasehosting.googleapis.com/upload/sites/geogeo-8008a/versions/da2e3c5cb28b11eb/files/b8d4e7d59f100d1c204013a3578b41ad3e9bc17ea7b0820d1870c3a63913ba98 200
[debug] [2025-10-22T19:30:52.206Z] <<< [apiv2][body] POST https://upload-firebasehosting.googleapis.com/upload/sites/geogeo-8008a/versions/da2e3c5cb28b11eb/files/b8d4e7d59f100d1c204013a3578b41ad3e9bc17ea7b0820d1870c3a63913ba98 [stream]
[debug] [2025-10-22T19:30:52.213Z] <<< [apiv2][status] POST https://upload-firebasehosting.googleapis.com/upload/sites/geogeo-8008a/versions/da2e3c5cb28b11eb/files/1b32b2ece1897298d929f24301aa559d4d317146b239878b67d5181cdf2852bf 200
[debug] [2025-10-22T19:30:52.213Z] <<< [apiv2][body] POST https://upload-firebasehosting.googleapis.com/upload/sites/geogeo-8008a/versions/da2e3c5cb28b11eb/files/1b32b2ece1897298d929f24301aa559d4d317146b239878b67d5181cdf2852bf [stream]
[debug] [2025-10-22T19:30:52.270Z] <<< [apiv2][status] POST https://upload-firebasehosting.googleapis.com/upload/sites/geogeo-8008a/versions/da2e3c5cb28b11eb/files/36da32d95e318f19132c37d56d8f18d6f1bfdfdcc8204436622f8c302acd470f 200
[debug] [2025-10-22T19:30:52.270Z] <<< [apiv2][body] POST https://upload-firebasehosting.googleapis.com/upload/sites/geogeo-8008a/versions/da2e3c5cb28b11eb/files/36da32d95e318f19132c37d56d8f18d6f1bfdfdcc8204436622f8c302acd470f [stream]
[debug] [2025-10-22T19:30:52.301Z] <<< [apiv2][status] POST https://upload-firebasehosting.googleapis.com/upload/sites/geogeo-8008a/versions/da2e3c5cb28b11eb/files/37a092d4c3fd0c490788801ad80b8c97d216d55a5c9a4d32ee9bdde9855dcee3 200
[debug] [2025-10-22T19:30:52.301Z] <<< [apiv2][body] POST https://upload-firebasehosting.googleapis.com/upload/sites/geogeo-8008a/versions/da2e3c5cb28b11eb/files/37a092d4c3fd0c490788801ad80b8c97d216d55a5c9a4d32ee9bdde9855dcee3 [stream]
[debug] [2025-10-22T19:30:52.309Z] <<< [apiv2][status] POST https://upload-firebasehosting.googleapis.com/upload/sites/geogeo-8008a/versions/da2e3c5cb28b11eb/files/b194a9e16502084de0949c91b9245ae861196d0c697a207b9708c95e11d4cc36 200
[debug] [2025-10-22T19:30:52.310Z] <<< [apiv2][body] POST https://upload-firebasehosting.googleapis.com/upload/sites/geogeo-8008a/versions/da2e3c5cb28b11eb/files/b194a9e16502084de0949c91b9245ae861196d0c697a207b9708c95e11d4cc36 [stream]
[debug] [2025-10-22T19:30:52.330Z] <<< [apiv2][status] POST https://upload-firebasehosting.googleapis.com/upload/sites/geogeo-8008a/versions/da2e3c5cb28b11eb/files/6a76c73812e74aa54573a6a6d7928b6fdbf36f7679a144f27ad6210403a17aaf 200
[debug] [2025-10-22T19:30:52.330Z] <<< [apiv2][body] POST https://upload-firebasehosting.googleapis.com/upload/sites/geogeo-8008a/versions/da2e3c5cb28b11eb/files/6a76c73812e74aa54573a6a6d7928b6fdbf36f7679a144f27ad6210403a17aaf [stream]
[debug] [2025-10-22T19:30:52.347Z] <<< [apiv2][status] POST https://upload-firebasehosting.googleapis.com/upload/sites/geogeo-8008a/versions/da2e3c5cb28b11eb/files/6f7c5768fec879947f140b313f2b3be214f4d6597dccb9956a0d969c96575b0b 200
[debug] [2025-10-22T19:30:52.347Z] <<< [apiv2][body] POST https://upload-firebasehosting.googleapis.com/upload/sites/geogeo-8008a/versions/da2e3c5cb28b11eb/files/6f7c5768fec879947f140b313f2b3be214f4d6597dccb9956a0d969c96575b0b [stream]
[debug] [2025-10-22T19:30:52.397Z] <<< [apiv2][status] POST https://upload-firebasehosting.googleapis.com/upload/sites/geogeo-8008a/versions/da2e3c5cb28b11eb/files/2c5e78d22c67e07ea54a6043bd3f2e5dc5f351c26bb1d53aa610e51422454f5a 200
[debug] [2025-10-22T19:30:52.397Z] <<< [apiv2][body] POST https://upload-firebasehosting.googleapis.com/upload/sites/geogeo-8008a/versions/da2e3c5cb28b11eb/files/2c5e78d22c67e07ea54a6043bd3f2e5dc5f351c26bb1d53aa610e51422454f5a [stream]
[debug] [2025-10-22T19:30:52.463Z] <<< [apiv2][status] POST https://upload-firebasehosting.googleapis.com/upload/sites/geogeo-8008a/versions/da2e3c5cb28b11eb/files/ff6b8f6684774b7b20bf2a039f4e0ad0cfeeb7c60dd7de7dd246501f92e1f244 200
[debug] [2025-10-22T19:30:52.463Z] <<< [apiv2][body] POST https://upload-firebasehosting.googleapis.com/upload/sites/geogeo-8008a/versions/da2e3c5cb28b11eb/files/ff6b8f6684774b7b20bf2a039f4e0ad0cfeeb7c60dd7de7dd246501f92e1f244 [stream]
[debug] [2025-10-22T19:30:52.467Z] <<< [apiv2][status] POST https://upload-firebasehosting.googleapis.com/upload/sites/geogeo-8008a/versions/da2e3c5cb28b11eb/files/7ad1948658c97cb4291fafa2743a719c5b574a18fe89a2ae957019c33be5a24e 200
[debug] [2025-10-22T19:30:52.467Z] <<< [apiv2][body] POST https://upload-firebasehosting.googleapis.com/upload/sites/geogeo-8008a/versions/da2e3c5cb28b11eb/files/7ad1948658c97cb4291fafa2743a719c5b574a18fe89a2ae957019c33be5a24e [stream]
[debug] [2025-10-22T19:30:52.492Z] <<< [apiv2][status] POST https://upload-firebasehosting.googleapis.com/upload/sites/geogeo-8008a/versions/da2e3c5cb28b11eb/files/0f96a146ca4a98defb70b2937be207dcd9ed13b253ae00f8fc145c5afc91710f 200
[debug] [2025-10-22T19:30:52.492Z] <<< [apiv2][body] POST https://upload-firebasehosting.googleapis.com/upload/sites/geogeo-8008a/versions/da2e3c5cb28b11eb/files/0f96a146ca4a98defb70b2937be207dcd9ed13b253ae00f8fc145c5afc91710f [stream]
[debug] [2025-10-22T19:30:52.496Z] <<< [apiv2][status] POST https://upload-firebasehosting.googleapis.com/upload/sites/geogeo-8008a/versions/da2e3c5cb28b11eb/files/3608af154fb573637ce04c37d3528f9176f49f9072980c1fb47d5fe8e1c467f9 200
[debug] [2025-10-22T19:30:52.496Z] <<< [apiv2][body] POST https://upload-firebasehosting.googleapis.com/upload/sites/geogeo-8008a/versions/da2e3c5cb28b11eb/files/3608af154fb573637ce04c37d3528f9176f49f9072980c1fb47d5fe8e1c467f9 [stream]
[debug] [2025-10-22T19:30:52.507Z] <<< [apiv2][status] POST https://upload-firebasehosting.googleapis.com/upload/sites/geogeo-8008a/versions/da2e3c5cb28b11eb/files/b83438f2f4419516e535931c9c504c3c23854de06d1248d9b048ccb50d67fd90 200
[debug] [2025-10-22T19:30:52.507Z] <<< [apiv2][body] POST https://upload-firebasehosting.googleapis.com/upload/sites/geogeo-8008a/versions/da2e3c5cb28b11eb/files/b83438f2f4419516e535931c9c504c3c23854de06d1248d9b048ccb50d67fd90 [stream]
[debug] [2025-10-22T19:30:52.533Z] <<< [apiv2][status] POST https://upload-firebasehosting.googleapis.com/upload/sites/geogeo-8008a/versions/da2e3c5cb28b11eb/files/bb7fccaa4bc6e65ce6c16d9e77bc194387d7a06c24bf6132c030c82015083fb9 200
[debug] [2025-10-22T19:30:52.533Z] <<< [apiv2][body] POST https://upload-firebasehosting.googleapis.com/upload/sites/geogeo-8008a/versions/da2e3c5cb28b11eb/files/bb7fccaa4bc6e65ce6c16d9e77bc194387d7a06c24bf6132c030c82015083fb9 [stream]
[debug] [2025-10-22T19:30:52.548Z] <<< [apiv2][status] POST https://upload-firebasehosting.googleapis.com/upload/sites/geogeo-8008a/versions/da2e3c5cb28b11eb/files/d191d05d477f72105f53e50fe85a0c5dddc0ead430d60a96d95396743af3f1a4 200
[debug] [2025-10-22T19:30:52.548Z] <<< [apiv2][body] POST https://upload-firebasehosting.googleapis.com/upload/sites/geogeo-8008a/versions/da2e3c5cb28b11eb/files/d191d05d477f72105f53e50fe85a0c5dddc0ead430d60a96d95396743af3f1a4 [stream]
[debug] [2025-10-22T19:30:52.570Z] <<< [apiv2][status] POST https://upload-firebasehosting.googleapis.com/upload/sites/geogeo-8008a/versions/da2e3c5cb28b11eb/files/e20731715f588124346a869b4a933a277a99f53d9eaa35961212840addb50514 200
[debug] [2025-10-22T19:30:52.570Z] <<< [apiv2][body] POST https://upload-firebasehosting.googleapis.com/upload/sites/geogeo-8008a/versions/da2e3c5cb28b11eb/files/e20731715f588124346a869b4a933a277a99f53d9eaa35961212840addb50514 [stream]
[debug] [2025-10-22T19:30:52.579Z] <<< [apiv2][status] POST https://upload-firebasehosting.googleapis.com/upload/sites/geogeo-8008a/versions/da2e3c5cb28b11eb/files/af4321c19d29b1d47046325e4653672f5d97640ad55362df36e3ca508f12ffb8 200
[debug] [2025-10-22T19:30:52.579Z] <<< [apiv2][body] POST https://upload-firebasehosting.googleapis.com/upload/sites/geogeo-8008a/versions/da2e3c5cb28b11eb/files/af4321c19d29b1d47046325e4653672f5d97640ad55362df36e3ca508f12ffb8 [stream]
[debug] [2025-10-22T19:30:52.589Z] <<< [apiv2][status] POST https://upload-firebasehosting.googleapis.com/upload/sites/geogeo-8008a/versions/da2e3c5cb28b11eb/files/5f5d0fcfc5f2081cad955899258fa75ce66682a569efeee6edd2b974843fbd71 200
[debug] [2025-10-22T19:30:52.589Z] <<< [apiv2][body] POST https://upload-firebasehosting.googleapis.com/upload/sites/geogeo-8008a/versions/da2e3c5cb28b11eb/files/5f5d0fcfc5f2081cad955899258fa75ce66682a569efeee6edd2b974843fbd71 [stream]
[debug] [2025-10-22T19:30:52.661Z] <<< [apiv2][status] POST https://upload-firebasehosting.googleapis.com/upload/sites/geogeo-8008a/versions/da2e3c5cb28b11eb/files/0233da0189f4b17192f270b94d402a2d18692ef0693e636cfab0005406af5535 200
[debug] [2025-10-22T19:30:52.662Z] <<< [apiv2][body] POST https://upload-firebasehosting.googleapis.com/upload/sites/geogeo-8008a/versions/da2e3c5cb28b11eb/files/0233da0189f4b17192f270b94d402a2d18692ef0693e636cfab0005406af5535 [stream]
[debug] [2025-10-22T19:30:52.691Z] <<< [apiv2][status] POST https://upload-firebasehosting.googleapis.com/upload/sites/geogeo-8008a/versions/da2e3c5cb28b11eb/files/3d96476764b7edcab0e89063fde90cd9f15caa51a30450302482f25927859365 200
[debug] [2025-10-22T19:30:52.691Z] <<< [apiv2][body] POST https://upload-firebasehosting.googleapis.com/upload/sites/geogeo-8008a/versions/da2e3c5cb28b11eb/files/3d96476764b7edcab0e89063fde90cd9f15caa51a30450302482f25927859365 [stream]
[debug] [2025-10-22T19:30:52.694Z] <<< [apiv2][status] POST https://upload-firebasehosting.googleapis.com/upload/sites/geogeo-8008a/versions/da2e3c5cb28b11eb/files/223aa2a2420b2ea30b5562f63b7d94a574c287392f0446e8d0ff97c398946487 200
[debug] [2025-10-22T19:30:52.695Z] <<< [apiv2][body] POST https://upload-firebasehosting.googleapis.com/upload/sites/geogeo-8008a/versions/da2e3c5cb28b11eb/files/223aa2a2420b2ea30b5562f63b7d94a574c287392f0446e8d0ff97c398946487 [stream]
[debug] [2025-10-22T19:30:52.716Z] <<< [apiv2][status] POST https://upload-firebasehosting.googleapis.com/upload/sites/geogeo-8008a/versions/da2e3c5cb28b11eb/files/de24174c19ef6997de302f424fa951b2eb2ec4e350bddc498b503daaf3626d03 200
[debug] [2025-10-22T19:30:52.716Z] <<< [apiv2][body] POST https://upload-firebasehosting.googleapis.com/upload/sites/geogeo-8008a/versions/da2e3c5cb28b11eb/files/de24174c19ef6997de302f424fa951b2eb2ec4e350bddc498b503daaf3626d03 [stream]
[debug] [2025-10-22T19:30:52.716Z] <<< [apiv2][status] POST https://upload-firebasehosting.googleapis.com/upload/sites/geogeo-8008a/versions/da2e3c5cb28b11eb/files/01bf34b8cf26a33084e6fedec204962583bc960663ecbcbb46cbdacd18ec0bb3 200
[debug] [2025-10-22T19:30:52.716Z] <<< [apiv2][body] POST https://upload-firebasehosting.googleapis.com/upload/sites/geogeo-8008a/versions/da2e3c5cb28b11eb/files/01bf34b8cf26a33084e6fedec204962583bc960663ecbcbb46cbdacd18ec0bb3 [stream]
[debug] [2025-10-22T19:30:52.756Z] <<< [apiv2][status] POST https://upload-firebasehosting.googleapis.com/upload/sites/geogeo-8008a/versions/da2e3c5cb28b11eb/files/30f4461f21c4b7117fa9dfe336fe9653db551a6799720948fbdca0f8cf041755 200
[debug] [2025-10-22T19:30:52.756Z] <<< [apiv2][body] POST https://upload-firebasehosting.googleapis.com/upload/sites/geogeo-8008a/versions/da2e3c5cb28b11eb/files/30f4461f21c4b7117fa9dfe336fe9653db551a6799720948fbdca0f8cf041755 [stream]
[debug] [2025-10-22T19:30:52.766Z] <<< [apiv2][status] POST https://upload-firebasehosting.googleapis.com/upload/sites/geogeo-8008a/versions/da2e3c5cb28b11eb/files/4c122ec0d9abe9a8cdf173301e138664452eaf43ccc2a960206f77a5ad28f3da 200
[debug] [2025-10-22T19:30:52.766Z] <<< [apiv2][body] POST https://upload-firebasehosting.googleapis.com/upload/sites/geogeo-8008a/versions/da2e3c5cb28b11eb/files/4c122ec0d9abe9a8cdf173301e138664452eaf43ccc2a960206f77a5ad28f3da [stream]
[debug] [2025-10-22T19:30:52.809Z] <<< [apiv2][status] POST https://upload-firebasehosting.googleapis.com/upload/sites/geogeo-8008a/versions/da2e3c5cb28b11eb/files/5bd4537b59a98fa1eecdef424eebaa78c5cd3bf2ea4aec6427d3919aae3a05cf 200
[debug] [2025-10-22T19:30:52.809Z] <<< [apiv2][body] POST https://upload-firebasehosting.googleapis.com/upload/sites/geogeo-8008a/versions/da2e3c5cb28b11eb/files/5bd4537b59a98fa1eecdef424eebaa78c5cd3bf2ea4aec6427d3919aae3a05cf [stream]
[debug] [2025-10-22T19:30:52.825Z] <<< [apiv2][status] POST https://upload-firebasehosting.googleapis.com/upload/sites/geogeo-8008a/versions/da2e3c5cb28b11eb/files/1d63d5b043903f510e09f660618637bb9f729a723782f6883d0b513d143327ce 200
[debug] [2025-10-22T19:30:52.825Z] <<< [apiv2][body] POST https://upload-firebasehosting.googleapis.com/upload/sites/geogeo-8008a/versions/da2e3c5cb28b11eb/files/1d63d5b043903f510e09f660618637bb9f729a723782f6883d0b513d143327ce [stream]
[debug] [2025-10-22T19:30:52.937Z] <<< [apiv2][status] POST https://upload-firebasehosting.googleapis.com/upload/sites/geogeo-8008a/versions/da2e3c5cb28b11eb/files/733c1e271d181148fe8cfaf8f0fbfb7e8b0910f310c03e4e5a666638372ff2cd 200
[debug] [2025-10-22T19:30:52.937Z] <<< [apiv2][body] POST https://upload-firebasehosting.googleapis.com/upload/sites/geogeo-8008a/versions/da2e3c5cb28b11eb/files/733c1e271d181148fe8cfaf8f0fbfb7e8b0910f310c03e4e5a666638372ff2cd [stream]
[debug] [2025-10-22T19:30:53.116Z] <<< [apiv2][status] POST https://upload-firebasehosting.googleapis.com/upload/sites/geogeo-8008a/versions/da2e3c5cb28b11eb/files/0e504e144faa08b4dab9608c92e55b5e158dacffe0ee86ac5a32b6efd22e953f 200
[debug] [2025-10-22T19:30:53.116Z] <<< [apiv2][body] POST https://upload-firebasehosting.googleapis.com/upload/sites/geogeo-8008a/versions/da2e3c5cb28b11eb/files/0e504e144faa08b4dab9608c92e55b5e158dacffe0ee86ac5a32b6efd22e953f [stream]
[debug] [2025-10-22T19:30:53.149Z] <<< [apiv2][status] POST https://upload-firebasehosting.googleapis.com/upload/sites/geogeo-8008a/versions/da2e3c5cb28b11eb/files/37a6f167acf7846e2d6acd55b38fa0269e2db950be08238278acc10ac550f091 200
[debug] [2025-10-22T19:30:53.149Z] <<< [apiv2][body] POST https://upload-firebasehosting.googleapis.com/upload/sites/geogeo-8008a/versions/da2e3c5cb28b11eb/files/37a6f167acf7846e2d6acd55b38fa0269e2db950be08238278acc10ac550f091 [stream]
[debug] [2025-10-22T19:30:53.203Z] <<< [apiv2][status] POST https://upload-firebasehosting.googleapis.com/upload/sites/geogeo-8008a/versions/da2e3c5cb28b11eb/files/11fc8a84c9a2262c24572a3053b799ed0b20fa4cb527e574021cb76891cc1c29 200
[debug] [2025-10-22T19:30:53.203Z] <<< [apiv2][body] POST https://upload-firebasehosting.googleapis.com/upload/sites/geogeo-8008a/versions/da2e3c5cb28b11eb/files/11fc8a84c9a2262c24572a3053b799ed0b20fa4cb527e574021cb76891cc1c29 [stream]
[debug] [2025-10-22T19:30:53.456Z] <<< [apiv2][status] POST https://upload-firebasehosting.googleapis.com/upload/sites/geogeo-8008a/versions/da2e3c5cb28b11eb/files/ebace7a945be3204ff0ff58ff7899dd5d55e5ef322d4c1070c5d2d12adf2ee3a 200
[debug] [2025-10-22T19:30:53.456Z] <<< [apiv2][body] POST https://upload-firebasehosting.googleapis.com/upload/sites/geogeo-8008a/versions/da2e3c5cb28b11eb/files/ebace7a945be3204ff0ff58ff7899dd5d55e5ef322d4c1070c5d2d12adf2ee3a [stream]
[debug] [2025-10-22T19:30:54.086Z] <<< [apiv2][status] POST https://upload-firebasehosting.googleapis.com/upload/sites/geogeo-8008a/versions/da2e3c5cb28b11eb/files/8ba5fe9e30fd8f827745baf38973552f4a2a5f6d98fa26863a1022f847648139 200
[debug] [2025-10-22T19:30:54.087Z] <<< [apiv2][body] POST https://upload-firebasehosting.googleapis.com/upload/sites/geogeo-8008a/versions/da2e3c5cb28b11eb/files/8ba5fe9e30fd8f827745baf38973552f4a2a5f6d98fa26863a1022f847648139 [stream]
